"KVK ID","KVK Name","KVK Address","State Name","State LGD Code","District Name","District Name New","District LGD Code","Web Address","Landline Number","Fax Number","Email ID","Pin Code","ATARI Name","Host Institute","Latitude","Longitude"
"K0001","South West Delhi","Krishi Vigyan Kendra, Ujwa, Delhi","Delhi","=""7""","South West delhi","South West","84","http://www.kvkdelhi.org","9667971155","1128525129","kvkujwa@yahoo.com","110073","ICAR-ATARI  Zone-II Jodhpur","National Horticultural Research & Development Foundation , Bagwani Bhawan, Plot No. 47, Institutional Area, Pankha Road, Janakpuri, New Delhi-110058","28.569516","76.896282"
"K0002","Ambala","Krishi Vigyan Kendra, Ambala,Vill. Tepla, Post- Saha Distt. Ambala- (Hry.)","Haryana","=""6""","Ambala","Ambala","58","http://www.kvkambala.org.in/","0171-2822522","0171-2822522","kvkambala@gmail.com","133104","ICAR-ATARI  Zone-II Jodhpur","Society for Creation of Heaven on Earth , Society for Creation of Heaven on Earth, RK Khanna Tennios Stadium, 2nd Floor, R.No. 1&2 Africa Avcenue,k New Delhi 110 029","30.305424","76.929539"
"K0003","Gurgaon","Krishi Vigyan Kendra, IARI, Shikohpur,Distt. Gurgaon","Haryana","=""6""","Gurgaon","Gurugram","62","http://www.iari.res.in/","NA","NA","head_kvkggn@iari.res.in","122004","ICAR-ATARI  Zone-II Jodhpur","IARI , Pusa, New Delhi","28.371721","76.988927"
"K0004","Bhiwani","KRISHI VIGYAN KENDRA,NEAR BHIM STADIUM,BHIWANI","Haryana","=""6""","Bhiwani","Bhiwani","59","NA","011664-242633","01664-242633","sckvkbhiwani@gmail.com","127021","ICAR-ATARI  Zone-II Jodhpur","CCSHAU , Hisar","28.812617","76.131568"
"K0005","Faridabad","KRISHI VIGYAN KENDRA, BHOPANI, FARIDABAD (HARYANA)  ","Haryana","=""6""","Faridabad","Faridabad","60","http://hau.ernet.in/kvk","0129-2202332","NA","kvkfaridabad@gmail.com","121002","ICAR-ATARI  Zone-II Jodhpur","CCSHAU , Hisar","28.415541","77.390586"
"K0006","Fatehabad","KVK, Fatehabad","Haryana","=""6""","Fatehabad","Fatehabad","61","NA","NA","NA","kvkfatehabadsc@gmail.com","125050","ICAR-ATARI  Zone-II Jodhpur","CCSHAU , Hisar","29.529059","75.50177"
"K0007","Hisar","KRISHI VIGYAN KENDRA -HISAR (Village: sadalpur, Tehsil: Mandi Adampur, Distt Hisar, Haryana Pin 125052)","Haryana","=""6""","Hisar","Hisar","63","https://hau.ac.in/college/krishi-vigyan-kendra-sadalpur-hisar","01669-244931","NA","kvkhisar@gmail.com","125052","ICAR-ATARI  Zone-II Jodhpur","CCSHAU , Hisar","29.32654","75.449767"
"K0008","Jhajjar","KRISHI VIGYAN KENDRA, JHAJJAR  ","Haryana","=""6""","Jhajjar","Jhajjar","64","NA","NA","NA","sckvkjhajjar720@gmail.com","124103","ICAR-ATARI  Zone-II Jodhpur","CCSHAU , Hisar","28.588682","76.6868"
"K0009","Jind","KRISHI VIGYAN KENDRA, PANDU PINDARA JIND (HARYANA)","Haryana","=""6""","Jind","Jind","65","NA","01681-245940","01681-245940","sckvkjind@gmail.com","126102","ICAR-ATARI  Zone-II Jodhpur","CCSHAU , Hisar","29.308108","76.364247"
"K0010","Kaithal"," KRISHI VIGYAN KENDRA, KAITHAL, PEODAH ROAD, KAITHAL","Haryana","=""6""","Kaithal","Kaithal","66","www.hau.ac.in","NA","NA","sckvkkaithal@gmail.com","136027","ICAR-ATARI  Zone-II Jodhpur","CCSHAU , Hisar","29.7663","76.4098"
"K0011","Kurukshetra","KRISHI VIGYAN KENDRA, SECTOR-13, URBAN ESTATE, NEAR RAILWAY STATION, KURUKSHETRA","Haryana","=""6""","Kurukshetra","Kurukshetra","68","https://www.hau.ac.in/college/krishi-vigyan-kendra-kurukshetra","01744-220418","NA","sckvkkurukshetra2@gmail.com","136118","ICAR-ATARI  Zone-II Jodhpur","CCSHAU , Hisar","29.964427","76.875516"
"K0012","Mahendragarh"," KRISHI VIGYAN KENDRA MAHENDRAGARH  ","Haryana","=""6""","Mahendragarh","Mahendragarh","69","NA","01285-220293","NA","sckvkmgarh@gmail.com","123029","ICAR-ATARI  Zone-II Jodhpur","CCSHAU , Hisar","28.271882","76.156822"
"K0013","Panipat","KRISHI VIGYAN KENDRA PANIPAT   ","Haryana","=""6""","Panipat","Panipat","71","NA","NA","NA","sckvkpanipat01@gmail.com","132104","ICAR-ATARI  Zone-II Jodhpur","CCSHAU , Hisar","29.363616","77.019006"
"K0014","Rewari","Krishi Vigyan Kendra,Shri Bhagwat Bhakti Ashram,Rampura,Rewari (HARYANA) ","Haryana","=""6""","Rewari","Rewari","72","http://www.kvkrewari.org","01274-222475","01274-222475","bbakvkrr@gmail.com","123401","ICAR-ATARI  Zone-II Jodhpur","Bhagwat Bhakti Ashram, Rampura , Bhagwat Bhakti Ashram, Rampura, Rewari -123 401","28.182507","76.603318"
"K0015","Rohtak","KVK- Rohtak,  Rohtak Haryana","Haryana","=""6""","Rohtak","Rohtak","73","https://www.hau.ac.in/college/krishi-vigyan-kendra-rohtak","01262-274257","01262-274257","kvkrohtaksc2@gmail.com","124001","ICAR-ATARI  Zone-II Jodhpur","CCSHAU , Hisar","28.883316","76.621015"
"K0016","Sirsa","KRISHI VIGYAN KENDRA, NEAR OLD TEHSIL ROAD, SIRSA","Haryana","=""6""","Sirsa","Sirsa","74","http://hau.ac.in/kvk/index.php?sli_id=306&page_id=306&kvk_id=16","NA","NA","sckvksirsa@gmail.com","125055","ICAR-ATARI  Zone-II Jodhpur","CCSHAU , Hisar","29.538753","75.041969"
"K0017","Sonipat","Krishi Vigyan Kendra,Post Box-28,Sonipat, Haryana","Haryana","=""6""","Sonipat","Sonipat","75","NA","0130-2325274","NA","sckvksonipat@gmail.com","131001","ICAR-ATARI  Zone-II Jodhpur","CCSHAU , Hisar","28.95115","77.043725"
"K0018","Yamunanagar","KRISHI VIGYAN KENDRA, DAMLA, YAMUNANAGAR (HARYANA)","Haryana","=""6""","Yamunanagar","Yamunanagar","76","NA","01732-282737","NA","sckvkynagar@hau.ac.in","135001","ICAR-ATARI  Zone-II Jodhpur","CCSHAU , Hisar","30.088628","77.2118"
"K0019","Karnal","Krishi Vigyan Kendra, ICAR-National Dairy Research Institute, Karnal","Haryana","=""6""","Karnal","Karnal","67","http://ndri.res.in","0184-2259339","0184 2250042","kvkkarnal@gmail.com","132001","ICAR-ATARI  Zone-II Jodhpur","ICAR National Dairy Research Institute , Karnal","29.700168","76.971824"
"K0020","Bilaspur HP","CSK HPKV Krishi Vigyan Kendra & Research Sub Station,  BERTHIN","Himachal Pradesh","=""2""","Bilaspur","Bilaspur","15","http://hillagric.ac.in/extension/dee-extra/KrishiVigyanKendras/kvk_berthin/kvk_berthin_(bilaspur).htm","01978-293153","01978-266046","kvkbilaspurhp@gmail.com","174029","ICAR-ATARI  Zone-I Ludhiana","CSKHPKV , Palampur","31.415543","76.649471"
"K0021","Chamba","Saru at Chamba","Himachal Pradesh","=""2""","Chamba","Chamba","16","http://www.yspuniversity.ac.in/kvk-chamba/index.html","1899232219","1899232144","kvkchamba@yahoo.in","176310","ICAR-ATARI  Zone-I Ludhiana","YSPUH&F , Solan","32.603839","76.081251"
"K0022","Hamirpur","KVK Hamirpur at Bara","Himachal Pradesh","=""2""","Hamirpur","Hamirpur","17","http://www.hillagric.ac.in/extension/dee-extra/KrishiVigyanKendras/kvk_bara/index.htm","1972238130","1972-  238130","kvkhmr@gmail.com","177044","ICAR-ATARI  Zone-I Ludhiana","CSKHPKV , Palampur","31.480899","76.576413"
"K0023","Kangra","Krishi Vigyan Kendra, Doonga Bazar, Kangra, Distt. Kangra","Himachal Pradesh","=""2""","Kangra","Kangra","18","http://www.hillagric.ac.in/extension/dee-extra/KrishiVigyanKendras/kvk_kangra/index.html","01892-264550","1892 264550","kvkkangra@gmail.com","176001","ICAR-ATARI  Zone-I Ludhiana","CSKHPKV , Palampur","32.104725","76.268973"
"K0024","Kinnaur","District  Kinnaur (HP) India","Himachal Pradesh","=""2""","Kinnaur","Kinnaur","19","http://www.yspuniversity.ac.in/kvk-kinnaur/index.html","1786222231","1786 222231","kvkkinnaur1995@gmail.com","172107","ICAR-ATARI  Zone-I Ludhiana","YSPUH&F , Solan","31.538088","78.267347"
"K0025","Kullu","Krishi Vigyan Kendra, Bajaura,Distt Kullu, Himachal Pradesh","Himachal Pradesh","=""2""","Kullu","Kullu","20","http://hillagric.ac.in:1003/cskhpau/kvk-kullu/","1905287318","01905-287318","kvkkullu@gmail.com","175125","ICAR-ATARI  Zone-I Ludhiana","CSKHPKV , Palampur","31.834882","77.170831"
"K0026","Lahaul & Spiti 1","Krishi Vigyan Kendra, Lahaul & Spiti -1, KUKUMSERI","Himachal Pradesh","=""2""","Lahul & Spiti","Lahaul And Spiti","21","http://www.hillagric.ac.in/extension/dee-extra/KrishiVigyanKendras/kvk_kukumseri/index.htm","NA","NA","pckvkls@gmail.com","175142","ICAR-ATARI  Zone-I Ludhiana","CSKHPKV , Palampur","32.700572","76.688164"
"K0027","Mandi","Krishi Vigyan Kendra Mandi at Sundernagar,District Mandi Himachal Pradesh, India ","Himachal Pradesh","=""2""","Mandi","Mandi","22","http://hillagric.ac.in/extension/dee-extra/KrishiVigyanKendras/kvk_mandi/index.htm","01907 262547","1907 262547","kvkmandihp@rediffmail.com","175019","ICAR-ATARI  Zone-I Ludhiana","CSKHPKV , Palampur","31.538406","76.896336"
"K0028","Shimla","Krishi Vigyan Kendra, Rohru, District - Shimla, Himachal Pradesh, India","Himachal Pradesh","=""2""","Shimla","Shimla","23","http://www.yspuniversity.ac.in/kvk-rohru/index.htm","1781240365","1781240365","kvkshimla@gmail.com","171207","ICAR-ATARI  Zone-I Ludhiana","YSPUH&F , Solan","31.204553","77.752361"
"K0029","Sirmaur","CSKHPKV, KVK, Dhaulakuan, Distt. Sirmaur (HP) India","Himachal Pradesh","=""2""","Sirmaur","Sirmaur","24","http://www.hillagric.ac.in/extension/dee-extra/KrishiVigyanKendras/kvk_dhaulakuan/index.htm","01704-257462","01704-257462","kvksirmour@gmail.com","173031","ICAR-ATARI  Zone-I Ludhiana","CSKHPKV , Palampur","30.500973","77.472029"
"K0030","Solan","Kandaghat, District - Solan, Himachal Pradesh, India","Himachal Pradesh","=""2""","Solan","Solan","25","http://www.yspuniversity.ac.in/kvk/kandaghat/index.html/","01792-256232","1792-256232","kvkkghat@rediffmail.com","173215","ICAR-ATARI  Zone-I Ludhiana","YSPUH&F , Solan","30.955598","77.113139"
"K0031","Una","Krishi Vigyan Kendra, Rampur, Una","Himachal Pradesh","=""2""","Una","Una","26","http://www.hillagric.ac.in/extension/dee-extra/KrishiVigyanKendras/kvk_una/index.htm","NA","01975-225003","pckvkuna@gmail.com","174303","ICAR-ATARI  Zone-I Ludhiana","CSKHPKV , Palampur","31.445953","76.274826"
"K0032","Anantnag","Krishi Vigyan Kendra, Vill.- Kreri & Nowpora, Tehsil- Dooru, Distt. – Anantnag","Jammu and Kashmir","=""1""","Anantnag","Anantnag","1","http://www.kvkanantnag.net","0124-2764907","NA","anantnagkvk@gmail.com","192211","ICAR-ATARI  Zone-I Ludhiana","SKUAST , Shrinagar","33.605603","75.187004"
"K0033","Baramulla","Baramulla (J&K)","Jammu and Kashmir","=""1""","Baramula","Baramulla","3","http://kvkbaramulla.org.in/","01954-255060","NA","kvkbaramulla@gmail.com","193404","ICAR-ATARI  Zone-I Ludhiana","Central Institute of Temperate Horticuslture , K D Farm, Old Air Field, Post Office: Rangreth,Srinagar (J&K)","34.064231","74.538651"
"K0034","Bandipore","Krishi Vigyan Kendra Bandipora-1, Potushai,Distt. Bandipora","Jammu and Kashmir","=""1""","Bandipore","Bandipora","623","http://www.kvkbandipora.in","NA","NA","pckvkbandipora@gmail.com","193502","ICAR-ATARI  Zone-I Ludhiana","SKUAST , Shrinagar","34.393123","74.827318"
"K0035","Budgam","KVK Budgam,Haran Distt.- Budgam (Jammu and Kashmir)","Jammu and Kashmir","=""1""","Badgam","Budgam","2","http://kvkbudgam.org","NA","NA","pckvkbudgam@gmail.com","191111","ICAR-ATARI  Zone-I Ludhiana","SKUAST , Shrinagar","34.01893","74.798451"
"K0036","Leh 2 (Ladakh)","Nyoma, Changthang, Leh, Ladakh","Ladakh","=""37""","Leh(Ladakh)","Leh Ladakh","9","NA","1981222066","NA","kvknyoma@gmail.com","194404","ICAR-ATARI  Zone-I Ludhiana","SKUAST , Shrinagar","33.206439","78.649557"
"K0037","Doda","Krishi Vigyan Kendra,Gwari, Bhaderwah,Distt. Doda","Jammu and Kashmir","=""1""","Doda","Doda","4","http://kvkdoda.nic.in/index.html","0124-2764907","NA","kvkdoda@gmail.com","182221","ICAR-ATARI  Zone-I Ludhiana","SKUAST , Jammu ","32.981285","75.709759"
"K0038","Ganderbal","Krishi Vigyan Kendra, Shuhama Alusteng, Ganderbal","Jammu and Kashmir","=""1""","Ganderbal","Ganderbal","626","http://www.kvkganderbal.org","0194-2262490","0194-2262490","kvkganderbal@gmail.com","190006","ICAR-ATARI  Zone-I Ludhiana","SKUAST , Shrinagar","34.225817","74.775583"
"K0039","Jammu","Krishi Vigyan Kendra, SKUASTJ, R.S. Pura","Jammu and Kashmir","=""1""","Jammu","Jammu","5","http://www.kvkjammu.org","01923-252929","01923-252929","kvkjammu@gmail.com","181102","ICAR-ATARI  Zone-I Ludhiana","SKUAST , Jammu ","32.604899","74.731531"
"K0040","Kargil 1","Krishi Vigyan Kendra,SKUAST (K),Distt. Kargil","Ladakh","=""37""","Kargil","Kargil","6","NA","1985233585","NA","kvkkargil@gmail.com","194103","ICAR-ATARI  Zone-I Ludhiana","SKUAST , Shrinagar","34.565689","76.115287"
"K0041","Kathua","Krishi Vigyan Kendra, Rajhani Kathua","Jammu and Kashmir","=""1""","Kathua","Kathua","7","https://kvkkathua.ac.in/","01922-232989","01922-232989","kathuakvk@gmail.com","184101","ICAR-ATARI  Zone-I Ludhiana","SKUAST , Jammu ","32.397785","75.510928"
"K0042","Kulgam","Krishi Vigyan Kendra, Kulgam (Pombay), P/O Gopalpora ,Distt. Kulgam","Jammu and Kashmir","=""1""","Kulgam","Kulgam","622","NA","01931-294045","NA","kvkkulgam@gmail.com","192233","ICAR-ATARI  Zone-I Ludhiana","SKUAST , Shrinagar","33.644744","74.943893"
"K0043","Kupwara","Krishi Vigyan Kendra, Regipora Kupwara, Distt. Kupwara","Jammu and Kashmir","=""1""","Kupwara","Kupwara","8","http://kvkkupwara.com","NA","NA","pc.kvk.kupwara@gmail.com","193222","ICAR-ATARI  Zone-I Ludhiana","SKUAST , Shrinagar","34.351166","74.399156"
"K0044","Leh 1 (Ladakh)","Krishi Vigyan Kendra Leh SKUAST-K Stakna ","Ladakh","=""37""","Leh(Ladakh)","Leh Ladakh","9","http://www.kvkleh.com","01982-252308","NA","kvkleh@gmail.com","194101","ICAR-ATARI  Zone-I Ludhiana","SKUAST , Shrinagar","34.145853","77.583735"
"K0045","Poonch","Kirshi Vigyan Kendra,Qazi Morah, Poonch","Jammu and Kashmir","=""1""","Punch","Poonch","10","http://www.kvkpoonch.nic.in/","01965-221796","01965-221796","kvkpoonch@gmail.com","185101","ICAR-ATARI  Zone-I Ludhiana","SKUAST , Jammu ","33.766988","74.092468"
"K0046","Pulwama","Krishi Vigyan Kendra,Malangpura,PB. No. 1228,GPO Srinagar,Distt. Pulwama","Jammu and Kashmir","=""1""","Pulwama","Pulwama","11","www.kvkmalangpora.com","01933-286952","01933-286952","pcpulwama@gmail.com","192121","ICAR-ATARI  Zone-I Ludhiana","SKUAST , Shrinagar","33.891804","74.981108"
"K0047","Rajouri","Krishi Vigyan Kendra,SKUAST-J,VPO. Tandwal,Distt. Rajouri","Jammu and Kashmir","=""1""","Rajouri","Rajouri","12","http://www.kvkrajouri.nic.in","NA","NA","kvkrajouri@gmail.com","185131","ICAR-ATARI  Zone-I Ludhiana","SKUAST , Jammu ","33.353381","74.297061"
"K0048","Reasi","Krishi Vigyan Kendra,Vill. Tanda Dera Baba Bahadur Singh,The. Reasi,Distt. Udhampur","Jammu and Kashmir","=""1""","Udhampur","Udhampur","14","kvkreasi.nic.in","NA","NA","kvkreasi@gmail.com","182301","ICAR-ATARI  Zone-I Ludhiana","SKUAST , Jammu ","33.100219","74.799525"
"K0049","Srinagar","Krishi Vigyan Kendra,Nambili Narkura, P.Box No.91, GPO Srinagar,Distt. Srinagar","Jammu and Kashmir","=""1""","Srinagar","Srinagar","13","http://www.kvksrinagar.org/","NA","NA","kvksrinagar786@gmail.com","191111","ICAR-ATARI  Zone-I Ludhiana","SKUAST , Shrinagar","34.018903","74.798453"
"K0050","Shopian","Krishi Vigyan Kendra,Vill. Balpora,Shopian Distt","Jammu and Kashmir","=""1""","Shupiyan","Shopian","625","http://www.kvkshopian.net/","NA","NA","pckvkshopian@gmail.com","192302","ICAR-ATARI  Zone-I Ludhiana","SKUAST , Shrinagar","33.75418","74.842121"
"K0051","Amritsar ","Krishi Vigyan Kendra,NagKalan-Jahangir, Majitha Road, Amritsar","Punjab","=""3""","Amritsar ","Amritsar","27","http://www.kvkamritsar.in","NA","NA","kvkasr@pau.edu","143601","ICAR-ATARI  Zone-I Ludhiana","PAU , Ludhiana","31.707344","74.93927"
"K0052","Bathinda","Krishi Vigyan Kendra,Dabwali Road, Near Kheti Bhawan,Distt. Bathinda","Punjab","=""3""","Bathinda","Bathinda","28","http://www.kvkbathinda.com/","0164-22156319","NA","kvkbtd@pau.edu","151001","ICAR-ATARI  Zone-I Ludhiana","PAU , Ludhiana","30.179149","74.933573"
"K0053","Barnala","Krishi Vigyan Kendra,Handiaya, District- Barnala","Punjab","=""3""","Barnala","Barnala","605","http://www.kvkbarnala.org","NA","0161-2553363","kvkbarnala@gmail.com","148107","ICAR-ATARI  Zone-I Ludhiana","GADVASU , Ludhiana","30.317326","75.491166"
"K0054","Faridkot","Krishi Vigyan Kendra,Circular Road, Faridkot, Punjab","Punjab","=""3""","Faridkot","Faridkot","29","http://www.kvkfaridkot.com","0124-2764907","NA","kvk-faridkot@pau.edu","151203","ICAR-ATARI  Zone-I Ludhiana","PAU , Ludhiana","30.678187","74.739559"
"K0055","Fatehgarh Sahib","Krishi Vigyan Kendra,Shamsher Nagar, Sirhind,Distt. Fatehgarh Sahib","Punjab","=""3""","Fatehgarh Sahib","Fatehgarh Sahib","30","http://www.kvkfatehgarhsahib.co.in/","01763-221217","01763-221217","kvkfgs@pau.edu","140406","ICAR-ATARI  Zone-I Ludhiana","PAU , Ludhiana","30.622831","76.405903"
"K0056","Ferozepur","Krishi Vigyan Kendra,Mallewal Road,Distt. Ferozepur","Punjab","=""3""","Firozpur","Ferozepur","31","http://www.kvkferozepur.com","1632279517","NA","kvkfzr@pau.edu","152001","ICAR-ATARI  Zone-I Ludhiana","PAU , Ludhiana","30.910411","74.66332"
"K0057","Gurdaspur","Krishi Vigyan Kendra,PAU Research Station,Distt. Gurdaspur","Punjab","=""3""","Gurdaspur","Gurdaspur","32","http://www.kvkgurdaspur.com","01874-220743","NA","kvk-gurdaspur@pau.edu","143521","ICAR-ATARI  Zone-I Ludhiana","PAU , Ludhiana","32.049334","75.422602"
"K0058","Hoshiarpur","VPO Bahowal, Block Mahilpur, Tehsil Garhshankar (Hoshiarpur), PIN","Punjab","=""3""","Hoshiarpur","Hoshiarpur","33","http://www.kvkhoshiarpur.com/","NA","NA","kvk-hsp@pau.edu","146105","ICAR-ATARI  Zone-I Ludhiana","PAU , Ludhiana","31.387975","76.024322"
"K0059","Jalandhar","Krishi Vigyan Kendra (KVK), Jalandhar,Uppal Jagir, Noor Mahal, Distt. Jalandhar","Punjab","=""3""","Jalandhar","Jalandhar","34","http://www.kvkjalandhar.co.in","01826-243288","NA","kvk-jalandhar@pau.edu","144039","ICAR-ATARI  Zone-I Ludhiana","PAU , Ludhiana","31.095207","75.582645"
"K0060","Kapurthala ","Krishi Vigyan Kendra,J.J. Farm, Near New Grain Market,Sultanpur Road, PO. Sheikhupur,Distt. Kapurthala","Punjab","=""3""","Kapurthala ","Kapurthala","35","http://www.kvkkapurthala.com","NA","NA","kvk-kapurthala@pau.edu","144620","ICAR-ATARI  Zone-I Ludhiana","PAU , Ludhiana","31.362275","75.364516"
"K0061","Ludhiana","Krishi Vigyan Kendra,Samrala,Distt. Ludhiana","Punjab","=""3""","Ludhiana","Ludhiana","36","http://kvkludhiana.com","01628-261597","NA","kvk-ludhiana@pau.edu","141114","ICAR-ATARI  Zone-I Ludhiana","PAU , Ludhiana","30.92277","75.348358"
"K0062","Mansa","Krishi Vigyan Kendra, Khokhar Khurd, Distt. Mansa","Punjab","=""3""","Mansa","Mansa","37","www.kvk-mansa.com","01652-280843","NA","kvk-mansa@pau.edu","151505","ICAR-ATARI  Zone-I Ludhiana","PAU , Ludhiana","30.004147","75.342232"
"K0063","Moga","Krishi Vigyan Kendra,VPO. Budh Singh Wala,Distt. Moga","Punjab","=""3""","Moga","Moga","38","http://www.kvkmoga.com","NA","NA","kvk-moga@pau.edu","142002","ICAR-ATARI  Zone-I Ludhiana","PAU , Ludhiana","30.65565","75.108029"
"K0064","Sahibzada Ajit Singh Nagar","Krishi Vigyan Kendra, Majra, Sahibzada Ajit Singh Nagar (Mohali)","Punjab","=""3""","Sahibzada Ajit Singh Nagar","S.A.S Nagar","608","http://www.kvkmohali.org","0160-2642827","0160-2642827","kvkmohali@gmail.com","140103","ICAR-ATARI  Zone-I Ludhiana","GADVASU , Ludhiana","30.673254","76.689436"
"K0065","Muktsar","Krishi Vigyan Kendra,Goneana,Distt. Muktsar","Punjab","=""3""","Muktsar","Sri Muktsar Sahib","39","http://www.kvkmuktsar.com","NA","NA","kvkmuktsar@pau.edu","152026","ICAR-ATARI  Zone-I Ludhiana","PAU , Ludhiana","30.446098","74.508022"
"K0066","Shahid Bhagat Singh Nagar ","Krishi Vigyan Kendra,VPO Langroya,Distt. Nawanshahar","Punjab","=""3""","Shahid Bhagat Singh Nagar ","Shahid Bhagat Singh Nagar","40","http://www.kvknawanshahr.com","01823-292314","NA","kvknsr@pau.edu","144516","ICAR-ATARI  Zone-I Ludhiana","PAU , Ludhiana","31.108139","76.173363"
"K0067","Patiala","Krishi Vigyan Kendra,Post Box No.22,Distt. Patiala","Punjab","=""3""","Patiala","Patiala","41","www.kvkpatiala.com","1752225473","NA","kvk-patiala@pau.edu","147001","ICAR-ATARI  Zone-I Ludhiana","PAU , Ludhiana","30.349056","76.319543"
"K0068","Rupnagar","Krishi Vigyan Kendra, Haveli Kalan, Rupnagar","Punjab","=""3""","Rupnagar","Rupnagar","42","http://www.kvkropar.com","01881-292248","NA","kvk-ropar@pau.edu","140001","ICAR-ATARI  Zone-I Ludhiana","PAU , Ludhiana","30.97913","76.51975"
"K0069","Sangrur","Krishi Vigyan Kendra,Kheri, Patran Road, Sangrur","Punjab","=""3""","Sangrur","Sangrur","43","http://kvksangrur.com","01672-245320","NA","kvksangrur@gmail.com","148001","ICAR-ATARI  Zone-I Ludhiana","PAU , Ludhiana","30.18646","75.878749"
"K0070","Tarn Taran","Krishi Vigyan Kendra,Booh (Harike Pattan),Tarn Taran","Punjab","=""3""","Tarn Taran","Tarn Taran","609","http://www.kvktarntaran.org/","1851238700","NA","ddtkvktarntaran@gmail.com","143412","ICAR-ATARI  Zone-I Ludhiana","GADVASU , Ludhiana","31.179574","74.903339"
"K0071","North & Middle Andaman","ICAR-Krishi Vigyan Kendra, Nimbudera, Mayabunder Tehsil, North and Middle Andman District","Andaman And Nicobar Islands","=""35""","North  & Middle Andaman","North And Middle Andaman","632","https://ciari.icar.gov.in/KVK_NM.html","3192216100","03192-216100","nimbuderakvk@gmail.com","744201","ICAR-ATARI  Zone-V Kolkata","ICAR CARI ,  P.B. No. 181 Port Blair, A&N Islands ","12.722735","92.883654"
"K0073","South Andaman","Krishi Vigyan Kendra, Sippighat , Port Blair","Andaman And Nicobar Islands","=""35""","South Andaman","South Andamans","602","https://ciari.icar.gov.in/","03192-212271","NA","kvkciari@gmail.com","744105","ICAR-ATARI  Zone-V Kolkata","ICAR CARI ,  P.B. No. 181 Port Blair, A&N Islands ","11.606019","92.705843"
"K0074","Gaya 1","Krishi Vigyan Kendra,Manpur, P.O. Buniyadganj, Distt. Gaya","Bihar","=""10""","Gaya","Gaya","196","http://www.gayakvk.org","0124-2764907","0612-2223956","kvkmanpurgaya@gmail.com","823003","ICAR-ATARI  Zone-IV Patna","Bihar Agricultural University , Bhagalpur, Bihar","24.799078","85.039698"
"K0075","Sheohar","Krishi Vigyan Kendra,Block Road,Distt. Sheohar","Bihar","=""10""","Sheohar","Sheohar","220","NA","NA","NA","sheoharkvk9@gmail.com","843329","ICAR-ATARI  Zone-IV Patna","Dr. Rajendra Prasad Central Agriculture University , Pusa, Samastipur, Bihar","26.514069","85.297161"
"K0076","Lakhisarai","Halsi, Lakhisarai","Bihar","=""10""","Lakhisarai","Lakhisarai","204","https://lakhisarai.kvk4.in/","NA","NA","lakhisaraikvk@gmail.com","811318","ICAR-ATARI  Zone-IV Patna","Bihar Agricultural University , Bhagalpur, Bihar","25.026005","86.041926"
"K0077","East Champaran 1","Krishi Vigyan Kendra,Pipra Kothi,Distt. East Champaran","Bihar","=""10""","Purba Champaran","Purbi Champaran","213","http://eastchamparan.kvk4.in","NA","NA","head.kvk.piprakothi@rpcau.ac.in","845429","ICAR-ATARI  Zone-IV Patna","Dr. Rajendra Prasad Central Agriculture University , Pusa, Samastipur, Bihar","26.547483","84.937161"
"K0078","Gopalganj","Krishi Vigyan Kendra,Distt. Gopalganj","Bihar","=""10""","Gopalganj","Gopalganj","197","goplaganj.kvk4.in","NA","NA","head.kvk.sipaya@rpcau.ac.in","841501","ICAR-ATARI  Zone-IV Patna","Dr. Rajendra Prasad Central Agriculture University , Pusa, Samastipur, Bihar","26.582276","84.403488"
"K0079","Bhagalpur","Krishi Vigyan Kendra, Sabour","Bihar","=""10""","Bhagalpur","Bhagalpur","192","https://bhagalpur.kvk4.in","641-2451186","NA","bhagalpurkvk@gmail.com","813210","ICAR-ATARI  Zone-IV Patna","Bihar Agricultural University , Bhagalpur, Bihar","25.236356","87.045622"
"K0080","Rohtas","Krishi Vigyan Kendra, Rohtas, Ara Road, Bikramganj","Bihar","=""10""","Rohtas","Rohtas","215","http://www.rohtas.kvk4.in","06185-222800","NA","rohtaskvk@gmail.com","802212","ICAR-ATARI  Zone-IV Patna","Bihar Agricultural University , Bhagalpur, Bihar","25.224032","84.266582"
"K0081","Araria","Krishi Vigyan Kendra, Araria ","Bihar","=""10""","Araria","Araria","188","http://www.arariakvk.org","0124-2764907","NA","arariakvk@gmail.com","854311","ICAR-ATARI  Zone-IV Patna","Bihar Agricultural University , Bhagalpur, Bihar","26.118401","87.449288"
"K0082","Purnea","Krishi Vigyan Kendra,Jalalgarh,Distt. Purnea","Bihar","=""10""","Purnia","Purnia","214","https://purnea.kvk4.in/index.php","NA","NA","purneakvk@gmail.com","854327","ICAR-ATARI  Zone-IV Patna","Bihar Agricultural University , Bhagalpur, Bihar","25.944337","87.534826"
"K0083","Katihar","Krishi Vigyan Kendra,PO.Tingachhiya Distt. Katihar","Bihar","=""10""","Katihar","Katihar","201","http://katihar.kvk4.in ","NA","NA","katiharkvk@gmail.com","854103","ICAR-ATARI  Zone-IV Patna","Bihar Agricultural University , Bhagalpur, Bihar","25.528199","87.576608"
"K0084","Samastipur 1","Krishi Vigyan Kendra,Birauli, Samastipur","Bihar","=""10""","Samastipur","Samastipur","217","http://www.samastipurkvk.in","NA","NA","head.kvk.birauli@rpcau.ac.in","848113","ICAR-ATARI  Zone-IV Patna","Dr. Rajendra Prasad Central Agriculture University , Pusa, Samastipur, Bihar","25.943155","85.691919"
"K0085","Siwan","Bhagwanpur Hat, Siwan","Bihar","=""10""","Siwan","Siwan","222","http://siwan.kvk4.in/","6153272485","NA","head.kvk.siwna@rpcau.ac.in","841408","ICAR-ATARI  Zone-IV Patna","Central Arid Zone Reserch Insttitute(ICAR) , Jodhpur-(Rajasthan)","26.084817","84.682096"
"K0086","West Champaran 1","Krishi Vigyan Kendra, Madhopur Distt. West Champaran","Bihar","=""10""","Pashchim Champaran","Pashchim Champaran","211","http://westchamparankvk.in/","NA","NA","head.kvk.madhopur@rpcau.ac.in","845454","ICAR-ATARI  Zone-IV Patna","Dr. Rajendra Prasad Central Agriculture University , Pusa, Samastipur, Bihar","26.752419","84.694381"
"K0087","Khagaria","Krishi Vigyan Kendra, Khagaria At- Parmanandpur, Po- Koshi College, District- Khagaria.","Bihar","=""10""","Khagaria","Khagaria","202","NA","NA","NA","kvkkhagaria@gmail.com","851205","ICAR-ATARI  Zone-IV Patna","Bihar Agricultural University , Bhagalpur, Bihar","25.508141","86.484588"
"K0088","Madhepura","Krishi Vigyan Kendra,Distt. Madhepura","Bihar","=""10""","Madhepura","Madhepura","205","http://www.madhepura.kvk4.in","06476-222013","NA","madhepura.kvk@gmail.com","852113","ICAR-ATARI  Zone-IV Patna","Bihar Agricultural University , Bhagalpur, Bihar","25.929036","86.793475"
"K0089","Muzaffarpur","Krishi Vigyan Kendra, Saraiya, Muzaffarpur (RPCAU, Pusa, Bihar)","Bihar","=""10""","Muzaffarpur","Muzaffarpur","208","https://saraiya.kvk4.in/#","NA","NA","head.kvk.saraiya@rpcau.ac.in","843126","ICAR-ATARI  Zone-IV Patna","Central Arid Zone Reserch Insttitute(ICAR) , Jodhpur-(Rajasthan)","26.155053","85.046704"
"K0090","Darbhanga","Krishi Vigyan Kendra,Jale,Distt. Darbhanga","Bihar","=""10""","Darbhanga","Darbhanga","195","http://darbhanga.kvk4.in/","06247-275913","06247-275913","head.kvk.jale@rpcau.ac.in","847302","ICAR-ATARI  Zone-IV Patna","Dr. Rajendra Prasad Central Agriculture University , Pusa, Samastipur, Bihar","26.38615","85.728408"
"K0091","Vaishali","Krishi Vigyan Kendra, Vaishali, RPCAU, Pusa,  Bihar ","Bihar","=""10""","Vaishali","Vaishali","224","https://vaishali.kvk4.in/","6224276595","NA","Head.kvk.vaishali@rpcau.ac.in","844102","ICAR-ATARI  Zone-IV Patna","Central Arid Zone Reserch Insttitute(ICAR) , Jodhpur-(Rajasthan)","25.731297","85.250282"
"K0092","Sheikhpura","Krishi Vigyan Kendra, Sheikhpura","Bihar","=""10""","Sheikhpura","Sheikhpura","219","http://sheikhpurakvk.org/","NA","NA","kvksheikhpura@gmail.com","811105","ICAR-ATARI  Zone-IV Patna","Bihar Agricultural University , Bhagalpur, Bihar","25.044465","85.855098"
"K0093","Madhubani 1","Krishi Vigyan Kendra,S.K. Choudhary Educaitonal Trust, Basaith, Vill. Chandpura,Distt. Madhubani","Bihar","=""10""","Madhubani","Madhubani","206","http://kvkchanpura.org/","0124-2764907","NA","skcetkvk@gmail.com","847102","ICAR-ATARI  Zone-IV Patna","S.K.CHAUDHARY Educational Trust , S.K.CHAUDHARY Educational Trust","26.407152","85.834467"
"K0094","Bhojpur","Krishi Vigyan Kendra, PO. Ara, Dist. Bhojpur","Bihar","=""10""","Bhojpur","Bhojpur","193","NA","9431091369","NA","bhojpurkvk@gmail.com","802301","ICAR-ATARI  Zone-IV Patna","Department of Agriculture, Govt of Meghalaya , Shillong","25.552509","84.652817"
"K0095","Begusarai","Krishi Vigyan Kendra, Begusarai","Bihar","=""10""","Begusarai","Begusarai","191","http://begusarai.kvk4.in","0124-2764907","NA","head.kvk.begusarai@rpcau.ac.in","848202","ICAR-ATARI  Zone-IV Patna","Dr. Rajendra Prasad Central Agriculture University , Pusa, Samastipur, Bihar","25.662194","86.027234"
"K0096","Nalanda","Krishi Vigyan Kendra,Harnaut Distt. Nalanda","Bihar","=""10""","Nalanda","Nalanda","209","http://www.nalandakvk.org","6112276000","NA","nalandakvk2017@gmail.com","803110","ICAR-ATARI  Zone-IV Patna","Bihar Agricultural University , Bhagalpur, Bihar","25.367209","85.534539"
"K0097","Patna","Krishi Vigyan Kendra,Agwanpur, Barh,Distt. Patna","Bihar","=""10""","Patna","Patna","212","http://www.patna.kvk4.in","NA","NA","patnakvk@gmail.com","803214","ICAR-ATARI  Zone-IV Patna","Bihar Agricultural University , Bhagalpur, Bihar","25.454086","85.720686"
"K0098","Kaimur (Bhabua)","Krishi Vigyan Kendra, Village-Adhaura, Post-Adhaura, Distt. Kaimur (Bhabua)","Bihar","=""10""","Kaimur (Bhabua)","Kaimur (Bhabua)","200","kaimur.kvk4.in","NA","NA","kaimurkvk@gmail.com","821116","ICAR-ATARI  Zone-IV Patna","Vanvasi Seva Kendra , Vanvasi Seva Kendra, Adhaura, Dist.-Kaimur (Bihar) Pin-821116","24.68746","83.605392"
"K0099","Banka","Krishi Vigyan Kendra,Vijay Nagar,Distt. Banka","Bihar","=""10""","Banka","Banka","190","http://www.bankakvk.org","06424-222332","NA","bankakvk@gmail.com","813102","ICAR-ATARI  Zone-IV Patna","Bihar Agricultural University , Bhagalpur, Bihar","24.864797","86.915815"
"K0100","Munger","Krishi Vigyan Kendra,PO. Shankarpur,Distt. Munger","Bihar","=""10""","Munger","Munger","207","http://www.mungerkvk.org","06344-222420","06344-222420","mungerkvk@gmail.com","811201","ICAR-ATARI  Zone-IV Patna","Bihar Agricultural University , Bhagalpur, Bihar","25.378927","86.473257"
"K0101","Saharsa","Krishi Vigyan Kendra,Agwanpur,Distt. Saharsa","Bihar","=""10""","Saharsa","Saharsa","216","http://saharsa.kvk4.in","NA","NA","saharsakvk@gmail.com","852201","ICAR-ATARI  Zone-IV Patna","Bihar Agricultural University , Bhagalpur, Bihar","25.454086","86.570086"
"K0102","Nawada","Krishi Vigyan Kendra, Gram Nirman Mandal, Sarvodaya Ashram, Kawakol, Nawada","Bihar","=""10""","Nawada","Nawada","210","http://www.kvknawada.org/","9508499152","NA","nawadakvk@gmail.com","805106","ICAR-ATARI  Zone-IV Patna","Gram Nirman Mandal , Gram Nirman Mandal","24.876904","85.856728"
"K0103","Arwal","Krishi Vigyan Kendra, Lodipur, PO - Sarwarpur, Via - Usari, Block - Kaler, Distt. - Arwal (Bihar), Pin - 804428","Bihar","=""10""","Arwal","Arwal","611","http://www.arwal.kvk4.in","NA","NA","arwalkvk@gmail.com","804428","ICAR-ATARI  Zone-IV Patna","Bihar Agricultural University , Bhagalpur, Bihar","25.142229","84.50457"
"K0104","Buxar","Village-Lalganj, Itarhi Road, Post-Sondhila, PS-Muffashil, District-Buxar, State -BIHAR, Pin-802103","Bihar","=""10""","Buxar","Buxar","194","https://icarrcer.in/kvkbuxar/","6183222208","NA","buxarkvk@gmail.com","802103","ICAR-ATARI  Zone-IV Patna","ICAR Research Complex for Eastern Region , Patna, Bihar","25.545289","83.996904"
"K0105","Sitamarhi","Krishi Vigyan Kendra Sitamarhi,Village & PO. Balhamadhusudan, via -Janakpur Road,Pupri ,Distt. Sitamarhi","Bihar","=""10""","Sitamarhi","Sitamarhi","221","http://www.samtasevakendra.com","NA","NA","sitamarhikvk@gmail.com","843320","ICAR-ATARI  Zone-IV Patna","Samta Seva Kendra , Vill & Post- Chainpura, Via- Janakpur Road, Pupri, Dist- Sitamarhi, Bihar- 843320","26.543437","85.716697"
"K0106","Saran","Krishi Vigyan Kendra, Manjhi, Saran","Bihar","=""10""","Saran","Saran","218","saran.kvk4.in","NA","NA","head.kvk.manjhi@rpcau.ac.in","841313","ICAR-ATARI  Zone-IV Patna","Dr. Rajendra Prasad Central Agriculture University , Pusa, Samastipur, Bihar","25.839949","84.578863"
"K0107","Supaul","Krishi Vigyan Kendra,Raghopur,Distt. Supaul","Bihar","=""10""","Supaul","Supaul","223","http://supaulkvk.org","06471-250989","NA","supaulkvk@gmail.com","852111","ICAR-ATARI  Zone-IV Patna","Bihar Agricultural University , Bhagalpur, Bihar","26.303849","86.838514"
"K0108","Aurangabad BR","Krishi Vigyan Kendra, Sirish Agricultural Farm, Distt. Aurangabad","Bihar","=""10""","Aurangabad","Aurangabad","189","http://aurangabad.kvk4.in","9.18E+11","NA","aurangabadkvk@gmail.com","824112","ICAR-ATARI  Zone-IV Patna","Bihar Agricultural University , Bhagalpur, Bihar","24.833264","84.287009"
"K0109","Kishanganj","Krishi Vigyan Kendra, Hawai Adda Road, PO+ Distt- Kishanganj","Bihar","=""10""","Kishanganj","Kishanganj","203","https://kishanganj.kvk4.in/","06456-223224","NA","kishanganjkvk@gmail.com","855107","ICAR-ATARI  Zone-IV Patna","Bihar Agricultural University , Bhagalpur, Bihar","26.079725","87.932093"
"K0110","Jehanabad ","Krishi Vigyan Kendra,Gandhar, Post Bandhuganj, Block- Modanganj, Jehanabad","Bihar","=""10""","Jehanabad ","Jehanabad","199","https://jehanabad.kvk4.in/","NA","NA","jehanabadkvk@gmail.com","804432","ICAR-ATARI  Zone-IV Patna","Bihar Agricultural University , Bhagalpur, Bihar","25.198568","85.131994"
"K0111","Jamui","Krishi Vigyan Kendra,At+ PO- Garo Nawada Block-Jamui District-Jamui, Bihar Animal Sciences University, Patna","Bihar","=""10""","Jamui","Jamui","198","jamui.kvk4.in","NA","NA","jamuikvk@gmail.com","811305","ICAR-ATARI  Zone-IV Patna","Acharya NG Ranga Agril. University  , Rajendranagar, Hyderabad","25.000637","86.294287"
"K0112","Simdega","Krishi Vigyan KendraSeed Multiplication Farm, BanoDist.- Simdega","Jharkhand","=""20""","Simdega","Simdega","342","NA","0124-2764907","06525-225278","simdegakvk@gmail.com","835201","ICAR-ATARI  Zone-IV Patna","Birsa Agricultural University , Kanke, Ranchi, Jharkhand ","22.650982","84.921825"
"K0113","Saraikela-Kharsawan","Krishi Vigyan Kendra Sarakela-Kharsawan behind Gamharia PHC Training Mode P.O.Gamharia Dist- Saraikela-Kharasawan","Jharkhand","=""20""","Saraikela-Kharsawan","Saraikela Kharsawan","341","NA","6512450849","NA","kvksaraikela@gmail.com","832108","ICAR-ATARI  Zone-IV Patna","Birsa Agricultural University , Kanke, Ranchi, Jharkhand ","22.813262","86.107018"
"K0114","Latehar","Krishi Vigyan Kendra, Seed Multiplication Farm, Balumath, Dist.- Latehar","Jharkhand","=""20""","Latehar","Latehar","335","NA","0124-2764907","06565-226301","kvk_latehar@rediffmail.com","829202","ICAR-ATARI  Zone-IV Patna","Birsa Agricultural University , Kanke, Ranchi, Jharkhand ","23.832261","84.783618"
"K0115","Jamtara","Krishi Vigyan KendraAgriculture Farm, BenaDist.- Jamtara","Jharkhand","=""20""","Jamtara","Jamtara","333","NA","0124-2764907","0643-3222457","kvk_jamtara@rediffmail.com","815351","ICAR-ATARI  Zone-IV Patna","Birsa Agricultural University , Kanke, Ranchi, Jharkhand ","23.984603","86.769444"
"K0116","Koderma","Krishi Vigyan Kendra, Koderma  P.O. & Vill. – Jainagar Dist. – Koderma","Jharkhand","=""20""","Kodarma","Koderma","334","https://koderma.kvk4.in","91-6546-222263","91-6546-223697","kvkkodermanrri@gmail.com","825109","ICAR-ATARI  Zone-IV Patna","ICAR Central Rice Research Institute  , Cuttack, Orissa ","24.370962","85.646046"
"K0117","Dumka","Krishi Vigyan Kendra P.O.- Khunta Bandh Dist.- Dumka","Jharkhand","=""20""","Dumka","Dumka","326","NA","9431581707","NA","dumkakvk@gmail.com","814101","ICAR-ATARI  Zone-IV Patna","Birsa Agricultural University , Kanke, Ranchi, Jharkhand ","24.250298","87.244074"
"K0118","Pakur","Krishi Vigyan Kendra P.O.- Maheshpur Farm Dist.- Pakur","Jharkhand","=""20""","Pakur","Pakur","337","www.pakur.kvk4.in","NA","NA","kvkpakur@gmail.com","816106","ICAR-ATARI  Zone-IV Patna","Birsa Agricultural University , Kanke, Ranchi, Jharkhand ","24.482145","87.759084"
"K0119","Lohardaga","Krishi Vigyan Kendra Kisko Farm P.O.-Lohardaga Dist.- Lohardaga","Jharkhand","=""20""","Lohardaga","Lohardaga","336","NA","0124-2764907","06526-223709","Kvklohardaga2011@gmail.com","835302","ICAR-ATARI  Zone-IV Patna","Birsa Agricultural University , Kanke, Ranchi, Jharkhand ","23.515471","84.665682"
"K0120","Giridih","Krishi Vigyan Kendra P.O. Bengabad , Topaiya Farm , Bengabad, Dist.- Giridih","Jharkhand","=""20""","Giridih","Giridih","329","NA","NA","NA","kvkgiridih@gmail.com","815312","ICAR-ATARI  Zone-IV Patna","Birsa Agricultural University , Kanke, Ranchi, Jharkhand ","24.3001","86.360583"
"K0121","Bokaro","Krishi Vigyan KendraP.O.- Petarwar (Near Block)Dist.- Bokaro","Jharkhand","=""20""","Bokaro","Bokaro","322","NA","06549-265048","NA","kvk_bokaro@yahoo.co.in","829121","ICAR-ATARI  Zone-IV Patna","Birsa Agricultural University , Kanke, Ranchi, Jharkhand ","23.621389","85.858333"
"K0122","Sahibganj","NH - 80, Near Saksharta More P.O.- Jirwabari Dist.- Sahibganj","Jharkhand","=""20""","Sahibganj","Sahebganj","340","www.sahibganj.kvk4.in","NA","NA","sahibganjkvk@gmail.com","816109","ICAR-ATARI  Zone-IV Patna","Birsa Agricultural University , Kanke, Ranchi, Jharkhand ","25.235898","87.661624"
"K0123","Garhwa ","Krishi Vigyan Kendra,Sub-Divisional Agricultural Farm,Distt. Garwah","Jharkhand","=""20""","Garhwa ","Garhwa","328","http://www.garhwa.kvk4.in","NA"," 06561-2450525","kvkgarhwa@gmail.com","822114","ICAR-ATARI  Zone-IV Patna","Birsa Agricultural University , Kanke, Ranchi, Jharkhand ","24.155682","83.788787"
"K0124","Palamu","Krishi Vigyan Kendra,Daltonganj, Chianki,Distt. Palamau","Jharkhand","=""20""","Palamu","Palamu","338","NA","NA","NA","kvkpalamu@rediffmail.com","822102","ICAR-ATARI  Zone-IV Patna","Birsa Agricultural University , Kanke, Ranchi, Jharkhand ","24.013546","84.104933"
"K0125","West Singhbhum","At + P.O. - Jagannathpur, PS - Jagannathpur, West Singhbhum, Jharkhand","Jharkhand","=""20""","Pashchimi Singhbhum","West Singhbhum","343","westsinghbhum.kvk4.in","NA","NA","kvkwsm1@gmail.com","833203","ICAR-ATARI  Zone-IV Patna","Birsa Agricultural University , Kanke, Ranchi, Jharkhand ","22.219704","85.639672"
"K0126","Khunti","Krishi Vigyan Kendra, Khunti at Diyankel, P.O.- Torpa, Distt.- Khunti","Jharkhand","=""20""","Khunti","Khunti","606","https://khunti.kvk4.in/","0651-2261154","NA","kvkkhunti@gmail.com","835227","ICAR-ATARI  Zone-IV Patna","Indian Institute of Natural Resins and Gums , Namkum, Ranchi Jharkhand ","23.07","85.28"
"K0127","Ramgarh","Krishi Vigyan Kendra, Mandu, Distt. Ramgarh (Jharkhand)","Jharkhand","=""20""","Ramgarh","Ramgarh","607","ramgarh.kvk4.in","NA","NA","kvkramgarh@gmail.com","825316","ICAR-ATARI  Zone-IV Patna","ICAR Research Complex for Eastern Region , Patna, Bihar","23.802322","85.470747"
"K0128","Godda","GVT - Krishi Vigyan Kendra , Near- Sub Divisional Agriculture, office,Chakeshwari Farm","Jharkhand","=""20""","Godda","Godda","330","http://www.gvtindia.org/kvk","NA","NA","kvkgodda@gmail.com","814133","ICAR-ATARI  Zone-IV Patna","Gramin Vikas Trust , Gramin Vikas Trust, 212 PaniJahajKothi, Kanke Road Ranchi, Pin code- 834008 ( Jharkhand)","24.84085","87.211531"
"K0129","East Singhbhum","Krishi Vigyan KendraDarisai (Khariya Colony)Vill.- Darisai,P.O.- Barakhurshi Dist.- East Singhbhum","Jharkhand","=""20""","Purbi Singhbhum","East Singhbum","327","http://www.kvkeastsinghbhum.com/","0124-2764907","06585-227457 / 225446","kvk_eastsinghbhum@rediffmail.com","832304","ICAR-ATARI  Zone-IV Patna","Birsa Agricultural University , Kanke, Ranchi, Jharkhand ","22.693338","86.393598"
"K0130","Chatra","Krishi Vigyan Kendra Seed Multiplication Farm Kullu, Chatra","Jharkhand","=""20""","Chatra","Chatra","323","https://chatra.kvk4.in/","9431339380"," 06541-223375","kvkchatra2012@gmail.com","825401","ICAR-ATARI  Zone-IV Patna","Birsa Agricultural University , Kanke, Ranchi, Jharkhand ","24.203137","84.924932"
"K0131","Gumla","Krishi Vigyan Kendra, Gumla Vikas Bharti Bishunpur P.O. – Bishunpur Dist. – Gumla","Jharkhand","=""20""","Gumla","Gumla","331","http://www.kvkgumla.com","NA","NA","kvk.gumla@gmail.com","835331","ICAR-ATARI  Zone-IV Patna","Vikas Bharti Bishunpur , Vikas Bharti Bishunpur Block - Bishunpur PO-Bishunpur, Dist - Gumla, PIN – 835207","23.197518","84.20364"
"K0132","Dhanbad","Krishi Vigyan Kendra, Baliapur Farm, Dist.- Dhanbad","Jharkhand","=""20""","Dhanbad","Dhanbad","325","http://www.kvkdhanbad.org","0124-2764907","0326 2209432","kvkdhanbadbau.2012@gmail.com","828201","ICAR-ATARI  Zone-IV Patna","Birsa Agricultural University , Kanke, Ranchi, Jharkhand ","23.708323","86.526267"
"K0133","Deoghar","Krishi Vigyan Kendra, Sujani P.O. – Ghorlash, Deoghar  (Jharkhand)","Jharkhand","=""20""","Deoghar","Deoghar","324","http://kvkdeoghar.gov.in","06432-232680","06432-232967","kvkdeoghar@gmail.com","814152","ICAR-ATARI  Zone-IV Patna","Santal Paharia Seva Mondal , Deoghar, Jharkhand","24.485069","86.622365"
"K0134","Hazaribagh","Holy Cross Krishi Vigyan Kendra, Canary Hill Road, Hazaribagh","Jharkhand","=""20""","Hazaribagh","Hazaribagh","332","https://hazaribag.kvk4.in/","06546-265229, 263083","NA","kvkhazaribag@gmail.com","825301","ICAR-ATARI  Zone-IV Patna","Holy Cross Krishi Vigyan Trust , Holy Cross Institute, Hazaribag, P.O. Hazaribag - 825301 (Jharkhand)","24.01202","85.387051"
"K0135","Ranchi","Divyayan Krishi Vigyan Kendra, Ramakrishna Mission Ashrama, Morabadi","Jharkhand","=""20""","Ranchi","Ranchi","339","http://rkmranchi.org","0651-2551008","0651-2552470","kvk.divyayan@gmail.com","834008","ICAR-ATARI  Zone-IV Patna","Ramakrishna Mission Ashrama , Swami Bhaveshananda, Ramakrishna Mission Ashrama, Swami Vishuddhananda Road, Morabadi, Ranchi-834008","23.399479","85.338077"
"K0136","Murshidabad 1","Vill- Digha (Milebasa), P.O- Kalukhali, Block- Bhagwangola-I, P.S- Bhagwangola","West Bengal","=""19""","Murshidabad ","Murshidabad","319","www.kvkmurshidabad.org","NA","NA","kvkmsd.wbuafs@yahoo.com","742135","ICAR-ATARI  Zone-V Kolkata","West Bengal University of Animal & Fishery Scienc , 68, KB Sarani, Belgachia, Kolkata, West Bengal","23.433","88.4917"
"K0137","North 24 Parganas 1","Krishi Vigyan Kendra,Near P.L.Camp,P.O.-Haripur, Ashoknagar","West Bengal","=""19""","North Twenty Four Parganas","North 24 Parganas","303","NA","03216-221808","NA","kvkashoke@gmail.com","743223","ICAR-ATARI  Zone-V Kolkata","West Bengal University of Animal & Fishery Scienc , 68, KB Sarani, Belgachia, Kolkata, West Bengal","22.834158","88.632171"
"K0138","Bardhaman ","Krishi Vigyan Kendra,Central Research Inst. For Jute & Allied Fibre, Bud Bud,Distt. Bardhaman","West Bengal","=""19""","Bardhaman","Purba Bardhaman","306","http://www.kvkcrijaf.org.in","3432513651","3432513651","kvkburdwan@gmail.com","713403","ICAR-ATARI  Zone-V Kolkata","ICAR CRIJAF , Barrackpore, West Bengal","22.759769","88.426852"
"K0139","Bankura ","Krishi Vigyan Kendra, WBCADC, Sonamukhi, Bankura","West Bengal","=""19""","Bankura ","Bankura","305","https://kvksonamukhi.org.in/","03244-275314","NA","cadckvk@gmail.com","722207","ICAR-ATARI  Zone-V Kolkata","Department of Agriculture, Govt of Meghalaya , Shillong","23.290521","87.402462"
"K0140","South 24 Parganas 2 (Narendrapur)","Sasya Shyamala Krishi Vigyan Kendra,Vill.-Arapanch, Sonarpur, Kolkata","West Bengal","=""19""","South Twenty Four Parganas","South 24 Parganas","304","http://kvk.rkmvu.ac.in/","033-24343300","NA","rkmvu.kvknarendrapur@gmail.com","700150","ICAR-ATARI  Zone-V Kolkata","Ramakrishna Mission Vivekananda University , PO Belur Math, Howrah, West Bengal","22.431923","88.472238"
"K0141","Howrah","Krishi Vigyan Kendra,PO.+PS.-Jagatballavpur,Dist. Howrah","West Bengal","=""19""","Haora ","Howrah","313","http://www.howrahkvk.org","03214-256577","03214-256577","howrahkvk@gmail.com","711408","ICAR-ATARI  Zone-V Kolkata","Bidhan Chandra Krishi Viswavidyalaya  , Mohanpur, Nadia, West Bengal","22.699121","88.103405"
"K0142","Hooghly","Hooghly Krishi Vigyan Kendra,PO.Chuchura (R.S.),Distt. Hooghly","West Bengal","=""19""","Hugli ","Hooghly","312","http://www.hooghlykvk.org.in","033-26864256","NA","hooghlykvk@gmail.com","712102","ICAR-ATARI  Zone-V Kolkata","Bidhan Chandra Krishi Viswavidyalaya  , Mohanpur, Nadia, West Bengal","22.891882","88.396754"
"K0143","Cooch Behar","Krishi Vigyan Kendra,UBKV, Pundibari,","West Bengal","=""19""","Koch Bihar ","Cooch Behar","308","https://www.ubkv.ac.in/cooch-behar-kvk/","03582-270826","NA","coochbeharkvk@gmail.com","736165","ICAR-ATARI  Zone-V Kolkata","Uttar Banga Krishi Vishwa Vidyalaya , Pundibari-Coochbehar","26.397021","89.389315"
"K0144","Malda1","Krishi Vigyan Kendra, Block Seed Farm PO.Ratua, Distt. Malda","West Bengal","=""19""","Maldah ","Malda","316","https://www.maldakvk.ubkv.ac.in","NA","NA","maldakvk.ubkv@gmail.com","732205","ICAR-ATARI  Zone-V Kolkata","Uttar Banga Krishi Vishwa Vidyalaya , Pundibari-Coochbehar","26.701808","88.380842"
"K0145","Dakshin Dinajpur","Majhian, PO: Patiram, PS: Balurghat,  Distt. Dakshin Dinajpur","West Bengal","=""19""","Dakshin Dinajpur","Dakshin Dinajpur","310","http://www.ddkvk.ubkv.ac.in","NA","NA","ddkvk.ubkv@rediffmail.com","733133","ICAR-ATARI  Zone-V Kolkata","Uttar Banga Krishi Vishwa Vidyalaya , Pundibari-Coochbehar","25.311796","88.763529"
"K0146","Nadia 1","Nadia Krishi Vigyan Kendra, BCKV, P.O.Gayeshpur, Dist.Nadia","West Bengal","=""19""","Nadia ","Nadia","320","nadiakvk.in","033-25891271","NA","nadiakvk@gmail.com","741234","ICAR-ATARI  Zone-V Kolkata","Bidhan Chandra Krishi Viswavidyalaya  , Mohanpur, Nadia, West Bengal","22.972687","88.495109"
"K0147","Birbhum","Rathindra Krishi Vigyan Kendra, Palli Siksha Bhavana, (Institute of Agriculture), Visva-Bharati, PO. Sriniketan, Distt. Birbhum","West Bengal","=""19""","Birbhum","Birbhum","307","http://www.rkvk.ac.in","03463-264771","03463-264771","rathindrakvk@gmail.com","731236","ICAR-ATARI  Zone-V Kolkata","Vishwa Bharti Shanti Niketan , Birbhum","23.664399","87.665758"
"K0148","Darjeeling ","Krishi Vigyan Kendra,Kalimpong,Distt. Darjeeling","West Bengal","=""19""","Darjiling ","Darjeeling","309","https://kalimpongkvk.ubkv.ac.in/","03552-256283","03552-256283","djkvk93@gmail.com","734301","ICAR-ATARI  Zone-V Kolkata","Uttar Banga Krishi Vishwa Vidyalaya , Pundibari-Coochbehar","27.069726","88.476087"
"K0149","Purulia","PO- Vivekanandanagar","West Bengal","=""19""","Puruliya","Purulia","321","https://www.kalyankvk.org/","3252207095","3252317808","kalyankvk@yahoo.co.in","723147","ICAR-ATARI  Zone-V Kolkata","Kalyan , Kalyan, Purulia, West Bengal","23.3998","86.41961"
"K0150","Jalpaiguri ","Krishi Vigyan Kendra,PO.Ramshai via Lataguri,Distt. Jalpaiguri","West Bengal","=""19""","Jalpaiguri ","Jalpaiguri","314","http://www.jalpaigurikvk.co.in","NA","NA","jalpaigurikvk@gmail.com","735219","ICAR-ATARI  Zone-V Kolkata","West Bengal University of Animal & Fishery Scienc , 68, KB Sarani, Belgachia, Kolkata, West Bengal","26.704941","88.84647"
"K0151","South 24 Parganas 1 (Nimpith)","Ramkrishna Ashram Krishi Vigyan Kendra,C/O.Sri Ramkrishna Ashram,PO. Nimpith Ashram,Distt. South 24-Parganas","West Bengal","=""19""","South Twenty Four Parganas","South 24 Parganas","304","http://www.rakvknimpith.org.in","09933064466, 03218-226001, 03218-226002","NA","nimpithkvk@rediffmail.com","743338","ICAR-ATARI  Zone-V Kolkata","Sri Ramkrishna Ashram , Ramkrishna Mission Ashram, Nimpith Ashram, West Bengal","22.155586","88.440059"
"K0152","West Medinipur","Kadam Kanan,P.O.- Jhargram, Dist.–Jhargram, West Bengal -721507","West Bengal","=""19""","Paschim Medinipur","Paschim Medinipur","318","NA","NA","NA","jhargramkvk@gmail.com","721507","ICAR-ATARI  Zone-V Kolkata","Bidhan Chandra Krishi Viswavidyalaya  , Mohanpur, Nadia, West Bengal","22.2721","87.0033"
"K0153","Upper Siang","Krishi Vigyan Kendra,Korak (Geku township)Distt. Upper Siang","Arunachal Pradesh","=""12""","East Siang","East Siang","232","NA","NA","NA","kvkuppersiang@gmail.com","791122","ICAR-ATARI  Zone-VI Guwahati","Directorate of Agriculture, Govt. of Arunachal Pra , Naharlagun , Itanagar","27.308137","93.030815"
"K0154","West Siang","Krishi Vigyan Kendra,Basar,Distt. West Siang","Arunachal Pradesh","=""12""","West Siang","West Siang","243","NA","NA","NA","kvkwestsiang@gmail.com","791101","ICAR-ATARI  Zone-VI Guwahati","ICAR Research Complex for NEH Region , Umroi Road, Umiam, Barapani","27.980232","94.691208"
"K0155","Changlang","Krishi Vigyan Kendra, Changlang p/o. Jairampur, ","Arunachal Pradesh","=""12""","Changlang","Changlang","229","NA","NA","NA","kvkchanglang@gmail.com","792121","ICAR-ATARI  Zone-VI Guwahati","Department of Agriculture,Govt. of Arunachal Prad , Naharlagun","27.351909","96.015299"
"K0156","Anjaw","Krishi Vigyan Kendra, Anjaw, ICAR-RC for NEH Region, Arunachal Pradesh Centre Basar, P.O - Hayuliang, Anjaw Dist.(Arunachal Pradesh)","Arunachal Pradesh","=""12""","Anjaw","Anjaw","628","http://kvkanjaw.nic.in/","3805276489","3805276489","kvk.Anjaw@icar.gov.in","792104","ICAR-ATARI  Zone-VI Guwahati","ICAR Research Complex for NEH Region , Umroi Road, Umiam, Barapani","28.0808","96.5181"
"K0157","East Kameng","Krishi Vigyan Kendra,Pampoli, PO. Seppa,Distt. East Kameng","Arunachal Pradesh","=""12""","East Kameng","East Kameng","231","NA","0124-2764907","NA","kvkeastkameng@gmail.com","790102","ICAR-ATARI  Zone-VI Guwahati","Department of Agriculture,Govt. of Arunachal Prad , Naharlagun","27.308116","93.030694"
"K0158","East Siang","Krishi Vigyan Kendra East Siang,College of Horticulture & Forestry, Central Agricultural University, Pasighat.,Distt. East Siang","Arunachal Pradesh","=""12""","East Siang","East Siang","232","http://www.cau.ac.in","0368-2225107","0368-2225066","kvkeastsiang@gmail.com","791102","ICAR-ATARI  Zone-VI Guwahati","ICAR Research Complex for NEH Region , Umroi Road, Umiam, Barapani","28.1097","95.1432"
"K0159","Lohit","Village: Momong","Arunachal Pradesh","=""12""","Namsai","Namsai","678","http://www.kvknamsai.org.in","03806 200 100","03806-222381 ","headkvknamsai@gmail.com","792102","ICAR-ATARI  Zone-VI Guwahati","ICAR Research Complex for NEH Region , Umroi Road, Umiam, Barapani","27.670551","95.866623"
"K0160","Lower Dibang Valley","Krishi Vigyan Kendra, Balek, P. O. Roing","Arunachal Pradesh","=""12""","Lower Dibang Valley","Lower Dibang Valley","235","http://www.kvkbalek.nic.in/","NA","NA","kvkldv@gmail.com","792110","ICAR-ATARI  Zone-VI Guwahati","Directorate of Agriculture, Govt. of Arunachal Pra , Naharlagun , Itanagar","28.125745","95.834878"
"K0161","Lower Subansiri","Krishi Vigyan Kendra,Jath Happa, (Yachuli),Distt. Lower Subansiri","Arunachal Pradesh","=""12""","Lower Subansiri","Lower Subansiri","236","http://kvklowersubansiri.nic.in/","0124-2764907","NA","lowersubansirikvk@gmail.com","791120","ICAR-ATARI  Zone-VI Guwahati","Directorate of Agriculture, Govt. of Arunachal Pra , Naharlagun , Itanagar","27.515863","93.784185"
"K0162","Papum Pare","Krishi Vigyan Kendra,Karsingsa Animal Husbandry Farm,Distt. Papumpare","Arunachal Pradesh","=""12""","Papum Pare","Papum Pare","237","http://www.kvkpapumpare.nic.in/","NA","NA","kvkpapumpare@gmail.com","791123","ICAR-ATARI  Zone-VI Guwahati","Department of Animal Husbandry and Veterinary, Gov ,  Nirjuli, Naharlagun-Itanagar","27.123501","93.770929"
"K0163","Tawang","Krishi Vigyan Kendra,Village Changbu, Distt. Tawang, Arunachal Pradesh","Arunachal Pradesh","=""12""","Tawang","Tawang","238","http://www.kvktawang.nic.in/","NA","NA","kvktawang123@gmail.com","790104","ICAR-ATARI  Zone-VI Guwahati","Directorate of Agriculture, Govt. of Arunachal Pra , Naharlagun , Itanagar","27.576899","91.872147"
"K0164","Tirap","Krishi Vigyan Kendra,Tirap,PO.Deomali,Distt. Tirap","Arunachal Pradesh","=""12""","Tirap","Tirap","239","http://www.kvkrtirap.org.in","03786-255301","03786-255301","kvktirap@gmail.com","792129","ICAR-ATARI  Zone-VI Guwahati","Directorate of Agriculture, Govt. of Arunachal Pra , Naharlagun , Itanagar","27.241193","95.498148"
"K0165","Upper Subansiri","Office of KVK US, Maro","Arunachal Pradesh","=""12""","Upper Subansiri","Upper Subansiri","241","http://kvkuppersubansiri.nic.in/","NA","03792-224887","kvkuppersubansiri@gmail.com","791122","ICAR-ATARI  Zone-VI Guwahati","Directorate of Agriculture, Govt. of Arunachal Pra , Naharlagun , Itanagar","27.799858","94.3478"
"K0166","West Kameng","Krishi Vigyan Kendra West Kameng","Arunachal Pradesh","=""12""","West Kameng","West Kameng","242","http://kvkwestkameng.gov.in/","NA","NA","kvkwestkameng@gmail.com","790101","ICAR-ATARI  Zone-VI Guwahati","Directorate of Agriculture, Govt. of Arunachal Pra , Naharlagun , Itanagar","27.404341","92.304174"
"K0167","Baksa","Krishi Vigyan Kendra,Vill.- Kharua, Mushalpur, Distt. –Baksa (Assam)","Assam","=""18""","Baksa","Baksa","616","http://kvkbaksa.aau.ac.in","03621-240132","NA","kvk_baksa@aau.ac.in","781346","ICAR-ATARI  Zone-VI Guwahati","Assam Agricultural University , Jorhat, Assam","26.56156","91.3437"
"K0168","Barpeta","Krishi Vigyan Kendra,Howly,Distt. Barpeta","Assam","=""18""","Barpeta","Barpeta","280","http://www.kvkbarpeta.org","03666-289292","03666-289292","kvk_barpeta@aau.ac.in","781316","ICAR-ATARI  Zone-VI Guwahati","Assam Agricultural University , Jorhat, Assam","26.4412","90.981522"
"K0169","Bongaigaon","Krishi Vigyan Kendra,Bongaigaon,Distt. Bongaigaon","Assam","=""18""","Bongaigaon","Bongaigaon","281","http://kvkbongaigaon.nic.in/","3664281094","NA","kvkbongaigaon@gmail.com","783384","ICAR-ATARI  Zone-VI Guwahati","Assam Agricultural University , Jorhat, Assam","26.335361","90.664107"
"K0170","Cachar","Krishi Vigyan Kendra,Silchar,Distt. Cachar","Assam","=""18""","Cachar","Cachar","282","http://kvkcachar.nic.in/","03842-278193","03842-278193","kvkcachar@gmail.com","788025","ICAR-ATARI  Zone-VI Guwahati","Assam Agricultural University , Jorhat, Assam","24.857761","92.741454"
"K0171","Darrang","Krishi Vigyan Kendra, Darrang, Mangaldai-784146, Darrang","Assam","=""18""","Darrang","Darrang","283","http://kvkdarrang.nic.in/","03713-222279","NA","kvkdarrangmangaldai@gmail.com","784146","ICAR-ATARI  Zone-VI Guwahati","Assam Agricultural University , Jorhat, Assam","26.450177","92.031065"
"K0172","Dhemaji","Krishi Vigyan Kendra, AAU, Jonai Road, P.O: Simen Chapori, Distt. Dhemaji (Assam)","Assam","=""18""","Dhemaji","Dhemaji","284","www.kvkdhemaji.aau.ac.in","NA","NA","kvk_dhemaji@aau.ac.in","787061","ICAR-ATARI  Zone-VI Guwahati","Assam Agricultural University , Jorhat, Assam","27.591369","94.731956"
"K0173","Dhubri","Krishi Vigyan Kendra,Haldibari,Bahalpur","Assam","=""18""","Dhubri","Dhubri","285","NA","NA","NA","faahmed2005@gmail.com","783371","ICAR-ATARI  Zone-VI Guwahati","Assam Agricultural University , Jorhat, Assam","26.232336","90.28241"
"K0174","Dibrugarh","Krishi Vigyan Kendra,P.O. Lahoal, P.B. 24, Romai,Dibrugarh","Assam","=""18""","Dibrugarh","Dibrugarh","286","https://kvkdibrugarh.aau.ac.in/","NA","NA","kvk_dibrugarh@aau.ac.in","786010","ICAR-ATARI  Zone-VI Guwahati","Assam Agricultural University , Jorhat, Assam","27.407635","95.043242"
"K0175","Goalpara","Krishi Vigyan Kendra, Udaipur, Dudhnoi","Assam","=""18""","Goalpara","Goalpara","287","NA","NA","NA","goalparakvk@gmail.com","783124","ICAR-ATARI  Zone-VI Guwahati","ICAR National Research Centre (NRC) on PIG , Rani, Near Guwahati Airport Guwahati, Assam","25.963148","90.78716"
"K0176","Golaghat","Krishi Vigyan Kendra,Khumtai,Golaghat,Distt. Golaghat.","Assam","=""18""","Golaghat","Golaghat","288","http://kvkgolaghat.aau.ac.in","NA","NA","kvk_golaghat@aau.ac.in","785619","ICAR-ATARI  Zone-VI Guwahati","Assam Agricultural University , Jorhat, Assam","26.595229","93.841675"
"K0177","Hailakandi","Krishi Vigyan Kendra,Distt. Hailakandi","Assam","=""18""","Hailakandi","Hailakandi","289","http://kvkhailakandi.nic.in","NA","NA","kvkhhailakandi@gmail.com","788152","ICAR-ATARI  Zone-VI Guwahati","ICAR Research Complex for NEH Region , Umroi Road, Umiam, Barapani","24.699622","92.560176"
"K0178","Jorhat","Krishi Vigyan Kendra, Jorhat, Changmai Gaon, Kaliapani","Assam","=""18""","Jorhat","Jorhat","290","http://kvkjorhat.aau.ac.in","NA","NA","kvk_jorhat@aau.ac.in","785112","ICAR-ATARI  Zone-VI Guwahati","Assam Agricultural University , Jorhat, Assam","26.830636","94.457449"
"K0179","Kamrup","Krishi Vigyan Kendra,Kamrup, Kahikuchi, GuwahatiDistt. Kamrup","Assam","=""18""","Kamrup","Kamrup","291","https://kvkkamrup.aau.ac.in/","0361-2842513","0361-2842513","kvk_kamrup@aau.ac.in","781017","ICAR-ATARI  Zone-VI Guwahati","Assam Agricultural University , Jorhat, Assam","26.107361","91.609107"
"K0180","Karbi Anglong","Krishi Vigyan Kendra, Regional Agril. Research Station, Diphu. Dist.: Karbi Anglong. ","Assam","=""18""","Karbi Anglong","Karbi Anglong","292","http://www.kvkdiphu.com/","NA","NA","kvk_diphu@aau.ac.in","782460","ICAR-ATARI  Zone-VI Guwahati","Assam Agricultural University , Jorhat, Assam","25.868024","93.445102"
"K0181","Karimganj","Krishi Vigyan Kendra,Assam Agricultural University, Karimganj, Akbarpur, Distt. Karimganj","Assam","=""18""","Karimganj","Karimganj","293","NA","03843-284852","NA","kvkkarimganj@gmail.com","788712","ICAR-ATARI  Zone-VI Guwahati","Assam Agricultural University , Jorhat, Assam","24.864517","92.309318"
"K0182","Kokrajhar","Krishi Vigyan Kendra,Gossaigaon, Telipara,Distt. Kokrajhar","Assam","=""18""","Kokrajhar","Kokrajhar","294","http://www.kvkkokrajhar.aau.ac.in","NA","NA","kvk_kokrajhar@aau.ac.in","783360","ICAR-ATARI  Zone-VI Guwahati","Assam Agricultural University , Jorhat, Assam","26.447139","89.945388"
"K0183","Lakhimpur","Krishi Vigyan Kendra,RARS, North Lakhimpur Distt. N. Lakhimpur","Assam","=""18""","Lakhimpur","Lakhimpur","295","http://www.aau.ac.in/dee/kvklakhimpur","NA","NA","kvklakhimpur@gmail.com","787032","ICAR-ATARI  Zone-VI Guwahati","Assam Agricultural University , Jorhat, Assam","27.232226","94.105625"
"K0184","Morigaon","Krishi Vigyan Kendra,Morigaon, District","Assam","=""18""","Morigaon","Marigaon","296","http://kvkmorigaon.aau.ac.in/","NA","NA","kvk_morigaon@aau.ac.in","782411","ICAR-ATARI  Zone-VI Guwahati","Assam Agricultural University , Jorhat, Assam","26.279535","92.312535"
"K0185","Nagaon 1","Krishi Vigyan Kendra, Nagaon, AAU, Simaluguri, PO: Shillongani,  Dist: Nagaon","Assam","=""18""","Nagaon","Nagaon","297","http://www.kvknagaon.aau.ac.in/","03672-225384","03672-225384","kvk_nagaon@aau.ac.in","782002","ICAR-ATARI  Zone-VI Guwahati","Assam Agricultural University , Jorhat, Assam","26.362598","92.646226"
"K0186","Nalbari","Krishi Vigyan Kendra,Sariahtoli, Nalbari Distt. Nalbari","Assam","=""18""","Nalbari","Nalbari","298","http://kvknalbari.nic.in","NA","NA","kvk_nalbari@aau.ac.in","781337","ICAR-ATARI  Zone-VI Guwahati","Assam Agricultural University , Jorhat, Assam","26.481197","91.436243"
"K0187","Sivasagar","Krishi Vigyan Kendra,Sivasagar, Rohdoi Dhopabar Via Santak, PIN: 785687","Assam","=""18""","Sivasagar","Sivasagar","300","http://www.kvksivasagar.nic.in/","NA","NA","kvk_sivasagar@aau.ac.in","785687","ICAR-ATARI  Zone-VI Guwahati","Assam Agricultural University , Jorhat, Assam","26.920769","94.800341"
"K0188","Sonitpur","Krishi Vigyan Kendra,Napam, Tezpur,Distt. Sonitpur","Assam","=""18""","Sonitpur","Sonitpur","301","http://www.kvksonitpur.nic.in","03712-296145","NA","kvk_sonitpur@aau.ac.in","784028","ICAR-ATARI  Zone-VI Guwahati","Assam Agricultural University , Jorhat, Assam","26.704009","92.822802"
"K0189","Tinsukia","Krishi Vigyan Kendra,Tinsukia, Gellapukhuri Road","Assam","=""18""","Tinsukia","Tinsukia","302","http://kvktinsukia.nic.in/","0124-2764907","NA","kvktinsukia@gmail.com","786125","ICAR-ATARI  Zone-VI Guwahati","Assam Agricultural University , Jorhat, Assam","27.520608","95.352756"
"K0190","Udalguri","Krishi Vigyan Kendra, Udalguri, Assam Agricultural University, Lalpool, 784514","Assam","=""18""","Udalguri","Udalguri","617","http://www.kvkudalguri.aau.ac.in","+91 99579 00808","NA","kvk_udalguri@aau.ac.in","784514","ICAR-ATARI  Zone-VI Guwahati","Assam Agricultural University , Jorhat, Assam","26.652992","92.174273"
"K0191","Churachandpur","Krishi Vigyan Kendra, Pearsonmun village, Churachandpur Disrict, Manipur","Manipur","=""14""","Churachandpur","Churachandpur","254","NA","NA","NA","kvkccpur@gmail.com","795128","ICAR-ATARI  Zone-VII Barapani","ICAR Research Complex for NEH Region , Umroi Road, Umiam, Barapani","24.336433","93.664295"
"K0192","Tamenglong ","Krishi Vigyan Kendra,Charoi-Chagotlong VillageDistt. Tamenglong","Manipur","=""14""","Tamenglong ","Tamenglong","258","NA","0385-2414654","0385-2414260","kvktml16@gmail.com","795159","ICAR-ATARI  Zone-VII Barapani","ICAR Research Complex for NEH Region , Umroi Road, Umiam, Barapani","24.768952","93.631763"
"K0193","Imphal East","Krishi Vigyan Kendra,Andro village,Distt. Imphal East","Manipur","=""14""","Imphal East","Imphal East","255","www.kvkimphaleast.in","0124-2764907","NA","kvk_androcau@yahoo.com","795049","ICAR-ATARI  Zone-VII Barapani","Central Agricultural University , Iroishemba, Imphal, Manipur","24.727565","94.043666"
"K0194","Bishnupur","Krishi Vigyan Kendra, Bishnupur district, Utlou, PO. Nambol, Manipur","Manipur","=""14""","Bishnupur","Bishnupur","252","NA","0385-2453444","0385-2453444","kvkbishnupurdistrict@gmail.com","795134","ICAR-ATARI  Zone-VII Barapani","Utlou Joint Farming Cum Pisciculture Cooperative Society , Utlou Joint Farming Cum Pisciculture Cooperative Society, Utlou, Bishnupur District, Pin-795134 (Manipur)","24.706139","93.853721"
"K0195","Chandel","Krishi Vigyan Kendra, Chandel, Monsang Pantha Village, Chandel District HQ","Manipur","=""14""","Chandel","Chandel","253","https://kvkchandel.in/","NA","NA","chandelkvk@gmail.com","795127","ICAR-ATARI  Zone-VII Barapani","ICAR Research Complex for NEH Region , Umroi Road, Umiam, Barapani","24.325041","94.021841"
"K0196","Imphal West","Krishi Vigyan Kendra,Imphal West, ICAR Manipur Centre,Lamphelpat,Distt. Imphal West","Manipur","=""14""","Imphal West","Imphal West","256","http://kvkimphalwest.org","0385-2410485","NA","kvkimphalwest@gmail.com","795004","ICAR-ATARI  Zone-VII Barapani","ICAR Research Complex for NEH Region , Umroi Road, Umiam, Barapani","24.82841","93.926037"
"K0197","Senapati","Krishi Vigyan Kendra- Senapati,Hengbung, PO. Kangpokpi-795129, Senapati DIstrict, Manipur","Manipur","=""14""","Senapati","Senapati","257","http://www.kvksenapati.com/","03871-201591","NA","pckvksenapati@gmail.com","795129","ICAR-ATARI  Zone-VII Barapani","Foundation for Education and Economic Development Services , President (FEEDS) Hengbung, PO. Kangpokpi, Dis. Senapati (Manipur), Pin 795129","25.223996","93.997898"
"K0198","Thoubal","Krishi Vigyan Kendra Thoubal, Near Wangbal Rice Research Station, Thoubal District, Manipur  ","Manipur","=""14""","Thoubal","Thoubal","259","http://www.kvkthoubal.org","3848291142","NA","kvkthoubal@gmail.com","795138","ICAR-ATARI  Zone-VII Barapani","Department of Agriculture, Govt. of Manipur , Manipur","24.612931","94.025562"
"K0199","Ukhrul","Krishi Vigyan Kendra,Hungpung village,Distt. Ukhrul","Manipur","=""14""","Ukhrul","Ukhrul","260","http://www.kvkukhrul.org/","NA","NA","kvkukhrul@gmail.com","795142","ICAR-ATARI  Zone-VII Barapani","ICAR Research Complex for NEH Region , Umroi Road, Umiam, Barapani","25.066098","94.3466"
"K0200","East Khasi Hills","KVK,East Khasi Hills, 5th Mile Upper Shillong","Meghalaya","=""17""","East Khasi Hills","East Khasi Hills","274","http://kvkeastkhasihills.nic.in/","0364-2560132","0364-2560132","kvkekhup@gmail.com","793009","ICAR-ATARI  Zone-VII Barapani","Department of Agriculture, Govt of Meghalaya , Shillong","25.547277","91.843882"
"K0201","West Jaintia Hills","KRISHI VIGYAN KENDRA, WEST JAINTIA HILLS,MOOPUN, WAHIAJER, THADLASKEIN BLOCK","Meghalaya","=""17""","West Jaintia Hills","West Jaintia Hills","275","http://kvkwestjaintiahills.nic.in","0365-2223343","NA","kvkjaintiahills@gmail.com","793151","ICAR-ATARI  Zone-VII Barapani","Department of Agriculture, Govt of Meghalaya , Shillong","25.450851","92.211256"
"K0202","Ribhoi","Krishi Vigyan Kendra, Ri Bhoi, ICAR Research Complex for NEH Region, Umroi Road, Umiam, Distt. Ri-Bhoi","Meghalaya","=""17""","Ribhoi","Ri Bhoi","276","http://www.kvkribhoi.nic.in","0364-2570011","0364-2570011","icarkvkribhoi@gmail.com","793103","ICAR-ATARI  Zone-VII Barapani","ICAR Research Complex for NEH Region , Umroi Road, Umiam, Barapani","25.684969","91.914237"
"K0203","West Garo Hills","Krishi Vigyan Kendra,Sangsanggiri Dobasipara, Tura,Dist. West Garo Hills","Meghalaya","=""17""","West Garo Hills","West Garo Hills","278","http://www.kvkwestgarohills.nic.in","03651 222535","03651 222535","kvkwestgarohills2019@gmail.com","794005","ICAR-ATARI  Zone-VII Barapani","ICAR Research Complex for NEH Region , Umroi Road, Umiam, Barapani","25.496909","90.210379"
"K0204","West Khasi Hills","Krishi Vigyan Kendra,West Khasi Hills, Nongshillong, Nongstoin","Meghalaya","=""17""","West Khasi Hills","West Khasi Hills","279","http://kvkwestkhasihills.nic.in","NA","NA","kvkwkh@gmail.com","793119","ICAR-ATARI  Zone-VII Barapani","Department of Agriculture, Govt of Meghalaya , Shillong","25.469898","91.482788"
"K0205","Saiha","Krishi Vigyan Kendra, Siaha District.","Mizoram","=""15""","Saiha","Siaha","267","NA","03835-222104","NA","kvksaiha@gmail.com","796901","ICAR-ATARI  Zone-VII Barapani","Department of Agriculture,Govt. of Mizoram , Aizwal","22.494696","92.99901"
"K0206","Champhai","KVK, Champhai District, Khawzawl-796310","Mizoram","=""15""","Champhai","Champhai","262","http://www.kvkchamphaidistrict.mizoram.gov.in","NA","NA","kvkkhawzawl@gmail.com","796310","ICAR-ATARI  Zone-VII Barapani","Department of Agriculture,Govt. of Mizoram , Aizwal","23.458232","93.327584"
"K0207","Aizawl","Krishi Vigyan Kendra,College of Vet. Sciences & Animal Husbandry, Distt. Aizawl","Mizoram","=""15""","Aizawl","Aizawl","261","http://www.kvkaizawl.nic.in/","NA","NA","kvkaizawl@gmail.com","796014","ICAR-ATARI  Zone-VII Barapani","Central Agricultural University , Iroishemba, Imphal, Manipur","23.808011","92.733675"
"K0208","Kolasib","KVK Kolasib, Vengthar, Kolasib","Mizoram","=""15""","Kolasib","Kolasib","263","http://kvkkolasib.mizoram.gov.in","03837-220360","03837-220360","kvkkolasib@gmail.com","796081","ICAR-ATARI  Zone-VII Barapani","Department of Agriculture,Govt. of Mizoram , Aizwal","24.208192","92.675693"
"K0209","Lawngtlai","Krishi Vigyan Kendra,Chawnhu, Lawngtlai","Mizoram","=""15""","Lawngtlai","Lawngtlai","264","http://www.kvklawngtlai.mizoram.gov.in","NA","NA","kvklawngtlai@gmail.com","796891","ICAR-ATARI  Zone-VII Barapani","Department of Agriculture,Govt. of Mizoram , Aizwal","22.50359","92.893965"
"K0210","Lunglei","Krishi Vigyan Kendra,KVK Lunglei District, Hnahthial","Mizoram","=""15""","Lunglei","Lunglei","265","https://kvklunglei.mizoram.gov.in/","3722332637","3722332637","kvklunglei@gmail.com","796571","ICAR-ATARI  Zone-VII Barapani","Department of Agriculture,Govt. of Mizoram , Aizwal","22.953755","92.932096"
"K0211","Mamit","Krishi Vigyan Kendra,Lengpui,Mamit District.","Mizoram","=""15""","Mamit","Mamit","266","http://kvkmamit.mizoram.gov.in","0389-2573352","0389-2573338","kvkmamit23@gmail.com","796421","ICAR-ATARI  Zone-VII Barapani","Department of Agriculture,Govt. of Mizoram , Aizwal","23.833902","92.627428"
"K0212","Serchhip","N. Vanlaiphai, Serchhip District","Mizoram","=""15""","Serchhip","Serchhip","268","https://kvkserchhip.mizoram.gov.in/","NA","NA","kvkserchhip@gmail.com","796184","ICAR-ATARI  Zone-VII Barapani","Department of Agriculture,Govt. of Mizoram , Aizwal","23.125036","93.055878"
"K0213","Mon","Krishi Vigyan Kendra,Aboi,Distt. Mon","Nagaland","=""13""","Mon","Mon","247","NA","NA","NA","kvkmonaboi@gmail.com","798603","ICAR-ATARI  Zone-VII Barapani","Department of Agriculture,Govt. of Nagaland , Kohima","26.591922","94.898871"
"K0214","Kohima","Krishi Vigyan Kendra, District Kohima, Nagaland","Nagaland","=""13""","Kohima","Kohima","245","NA","NA","NA","kvkkohimanaga@gmail.com","797109","ICAR-ATARI  Zone-VII Barapani","Department of Agriculture,Govt. of Nagaland , Kohima","25.973461","94.207722"
"K0215","Zunheboto","Krishi Vigyan Kendra,Lumami,Distt. Zunheboto","Nagaland","=""13""","Zunheboto","Zunheboto","251","http://www.kvkzunheboto.in","3692268256","NA","kvkzunheboto@gmail.com","798627","ICAR-ATARI  Zone-VII Barapani","Nagaland University , Lumami, Dist. Zunheboto Nagaland","26.22105","94.477851"
"K0216","Sri Potti Sriramulu Nellore 2","Krishi Vigyan Kendra,periyavaram,venkatagiri mandal, Nellore dist, Andhra pradesh","Andhra Pradesh","=""28""","Sri Potti Sriramulu Nellore","Sri Potti Sriramulu Nellore","515","NA","NA","NA","kvk-pyvrm@drysrhu.edu.in","600001","ICAR-ATARI  Zone-X Hyderabad","Dr. Y S Rajasekar Reddy Horticultural University , Venkataramanagudem West Godavari, Andhra Pradesh","13.944503","79.605657"
"K0217","Longleng","Krishi Vigyan Kendra,Naga Junction, Hukphang Village,Distt. Longleng (Nagaland)","Nagaland","=""13""","Longleng","Longleng","615","NA","NA","NA","kvklongleng@gmail.com","798625","ICAR-ATARI  Zone-VII Barapani","ICAR Research Complex for NEH Region , Umroi Road, Umiam, Barapani","26.592646","94.767611"
"K0218","Dimapur ","Krishi Vigyan Kendra, Medziphema","Nagaland","=""13""","Dimapur ","Dimapur","244","http://kvkdimapur.nic.in","NA","NA","kvkdimapur@gmail.com","797106","ICAR-ATARI  Zone-VII Barapani","ICAR Research Complex for NEH Region , Umroi Road, Umiam, Barapani","25.759232","93.867088"
"K0219","Mokokchung","Krishi Vigyan Kendra, Mokokchung, Post Box-23, Yisemyong,Mokokchung, Nagaland","Nagaland","=""13""","Mokokchung","Mokokchung","246","http://www.kvkmokokchung.in","NA","NA","kvkmokokchung@gmail.com","798601","ICAR-ATARI  Zone-VII Barapani","Department of Agriculture,Govt. of Nagaland , Kohima","26.322439","94.513335"
"K0220","Phek","Porba, PO Pfutsero, Dist-Phek, Nagaland","Nagaland","=""13""","Phek","Phek","248","http://www.kvkphek.nic.in","NA","03865-281436","kvkphek@gmail.com","797107","ICAR-ATARI  Zone-VII Barapani","ICAR National Research Centre (NRC) on Mithun , Jharnapani, (P.O) Medziphema Distrt. Phek, Nagaland","25.618479","94.329682"
"K0221","Tuensang","Krishi Vigyan Kendra,Distt. Tuensang","Nagaland","=""13""","Tuensang","Tuensang","249","NA","NA","NA","kvk.tuensang@gmail.com","798612","ICAR-ATARI  Zone-VII Barapani","Department of Agriculture,Govt. of Nagaland , Kohima","26.236167","94.813494"
"K0222","Wokha","Krishi Vigyan Kendra, Wokha, Longsachung Village near Satsuphen Post box- 137, State- Nagaland, Distt.- Wokha","Nagaland","=""13""","Wokha","Wokha","250","http://kvkwokha.nic.in","NA","NA","kvkwokha2013@gmail.com","797111","ICAR-ATARI  Zone-VII Barapani","ICAR Research Complex for NEH Region , Umroi Road, Umiam, Barapani","26.054937","94.260163"
"K0223","Yavatmal 2","Krishi Vigyan Kendra, Sangvi (Rly.) Tal. Darwha Diat. Yavatmal, Maharashtra","Maharashtra","=""27""","Yavatmal","Yavatmal","500","http://kvksangvi.com/","NA","NA","kvkyavatmal2@gmail.com","445001","ICAR-ATARI  Zone-VIII Pune","Navsanjivan Shikshan Prasarak Mandal , Yavatmal, Maharashtra","20.417798","77.605698"
"K0224","East Sikkim","Krishi Vigyan Kendra, ICAR, Ranipool Distt. East Sikkim","Sikkim","=""11""","East Sikkim District","Gangtok","225","http://kvkeastsikkim.nic.in/","03592-251311","03592-251311","kvk.eastsikkim@gmail.com","737135","ICAR-ATARI  Zone-VI Guwahati","ICAR Research Complex for NEH Region , Umroi Road, Umiam, Barapani","27.231544","88.589739"
"K0225","North Sikkim","Krishi Vigyan Kendra, Mangan, North Sikkim","Sikkim","=""11""","North Sikkim District","Mangan","226","http://kvknorthsikkim.gov.in/","NA","NA","kvkmangan@gmail.com","737116","ICAR-ATARI  Zone-VI Guwahati","Department of Agriculture, Govt. of Sikkim , Krishi Bhavan, Tadong","27.493259","88.53599"
"K0226","South Sikkim","Mr. I. P. Shivakoti, Sr. Scientist & Head, Krishi Vigyan Kendra South Sikkim, Namthang, Distt. South Sikkim, Contact: 7430832200","Sikkim","=""11""","South Sikkim District","Namchi","227","http://www.kvksouthsikkim.com","NA","NA","kvknamthang@gmail.com","737132","ICAR-ATARI  Zone-VI Guwahati","Department of Agriculture, Govt. of Sikkim , Krishi Bhavan, Tadong","27.165645","88.477621"
"K0227","West Sikkim","Krishi Vigyan Kendra,Gyaba,Gyalshing,Distt. West Sikkim","Sikkim","=""11""","West Sikkim District","Gyalshing","228","http://www.kvkwestsikkim.gov.in/","03595-251111","3595251111","kvk.gyaba@gmail.com","737111","ICAR-ATARI  Zone-VI Guwahati","Department of Agriculture, Govt. of Sikkim , Krishi Bhavan, Tadong","27.294381","88.247125"
"K0228","Dhalai","Krishi Vigyan Kendra,Dhalai,Salema Model Orchard","Tripura","=""16""","Dhalai","Dhalai","269","http://kvkdhalai.org.in/","3826263273","3826263273","kvkdhalai@gmail.com","799278","ICAR-ATARI  Zone-VII Barapani","State Department of Agriculture,Govt. of  Tripura , Agartala","24.014059","91.834381"
"K0229","North Tripura","Krishi Vigyan Kendra,Panisagar Progeny Orchard,Distt. North Tripura","Tripura","=""16""","North Tripura","North Tripura","270","http://www.kvknorthtripura.nic.in","03822-261043","3822-261043","pcdkdnorth@gmail.com","799260","ICAR-ATARI  Zone-VII Barapani","State Department of Agriculture,Govt. of  Tripura , Agartala","24.254898","92.151572"
"K0230","South Tripura ","Birchandra Manu, Manpathar","Tripura","=""16""","South Tripura ","South Tripura","271","kvksouthtripura.org.in","03823-295289","NA","kvksouthtripura@gmail.com","799144","ICAR-ATARI  Zone-VII Barapani","ICAR Research Complex for NEH Region , Umroi Road, Umiam, Barapani","23.370396","91.515828"
"K0231","Khowai","Krishi Vigyan Kendra, Khowai (An ISO 9001: 2015 certified Institute), Divyodaya, Chebri, Khowai, PIN 799207 (TRIPURA)","Tripura","=""16""","Khowai","Khowai","652","NA","NA","NA","dkvkwesttripura@gmail.com","799207","ICAR-ATARI  Zone-VII Barapani","Khowai, West Tripura , General Secretary, Sri Ramakrishna Seva Kendra, 81, BondelRaod, Kolkota- 700019 (West Bengal)","24.022312","91.632361"
"K0232","Bageshwar","Krishi vigyan Kendra (ICAR- VPKAS), Kafligair- 263628, Bageshwar, Uttarakhand","Uttarakhand","=""5""","Bageshwar","Bageshwar","46","http://www.bageshwar.kvk4.in","NA","05963-255150","kvkbageshwar@gmail.com","263628","ICAR-ATARI  Zone-I Ludhiana","ICAR VPKAS  , Almora, Uttarakhand","29.4513","79.44545"
"K0233","Nainital","Krishi Vigyan Kendra,Jeolikote,Distt. Nainital","Uttarakhand","=""5""","Nainital","Nainital","51","http://nainital.kvk4.in/","05942 - 224615","05942 - 224615","kvknainital@rediffmail.com","263135","ICAR-ATARI  Zone-I Ludhiana","G.B. Pant University of Agriculture & Technology , Dist.Pantnagar, Uttarakhand","29.342795","79.482527"
"K0234","Chamoli","Krishi Vigyan Kendra,Gwaldam,Distt. Chamoli","Uttarakhand","=""5""","Chamoli","Chamoli","47","http://chamoli.kvk4.in/","01363-274287","01363 - 274287","kvkchamoli@rediffmail.com","246441","ICAR-ATARI  Zone-I Ludhiana","G.B. Pant University of Agriculture & Technology , Dist.Pantnagar, Uttarakhand","30.005392","79.567135"
"K0235","Haridwar","Krishi Vigyan Kendra,DhanauriDistt. Haridwar","Uttarakhand","=""5""","Hardwar","Haridwar","50","http://www.haridwar.kvk4.in ","NA","NA","kvkharidwar@gmail.com","246667","ICAR-ATARI  Zone-I Ludhiana","G.B. Pant University of Agriculture & Technology , Dist.Pantnagar, Uttarakhand","29.940771","77.954591"
"K0236","Almora","Krishi Vigyan Kendra,Matela (Kosi),Distt. Almora","Uttarakhand","=""5""","Almora","Almora","45","http://almora.kvk4.in","NA","NA","kvkalmora@gmail.com","263643","ICAR-ATARI  Zone-I Ludhiana","G.B. Pant University of Agriculture & Technology , Dist.Pantnagar, Uttarakhand","29.795998","79.193295"
"K0237","Pauri Garhwal","Krishi Vigyan Kendra, Bharsar, Distt. Pauri Garhwal","Uttarakhand","=""5""","Garhwal","Pauri Garhwal","52","http://www.paurigarhwal.kvk4.in","01348 - 226076","01348 - 226058","kvkpaurigarhwaluuhf@gmail.com","246123","ICAR-ATARI  Zone-I Ludhiana","Uttarakhand University of Horticulture & Forestry , Bharsar Dist.Pauri Garhwal, Uttarakhand ","30.057066","78.992062"
"K0238","Rudraprayag","Krishi Vigyan Kendra, Jahdhar, Via - Guptakashi, Post-Bansu","Uttarakhand","=""5""","Rudraprayag","Rudraprayag","54","NA","NA","NA","kvkjakh@rediffmail.com","246439","ICAR-ATARI  Zone-I Ludhiana","G.B. Pant University of Agriculture & Technology , Dist.Pantnagar, Uttarakhand","30.528335","79.074684"
"K0239","Udham Singh Nagar","Krishi Vigyan Kendra,Sugarcane Research Centre, Bajpur Road,Kashipur,Distt. Udham Singh Nagar","Uttarakhand","=""5""","Udham Singh Nagar","Udham Singh Nagar","56","http://www.udhamsinghnagar.kvk.in","NA","NA","kvkkashipur@gmail.com","244713","ICAR-ATARI  Zone-I Ludhiana","G.B. Pant University of Agriculture & Technology , Dist.Pantnagar, Uttarakhand","29.183216","79.000489"
"K0240","Pithoragarh","Krishi Vigyan Kendra,PO. Gaina Ancholi, Distt. Pithoragarh","Uttarakhand","=""5""","Pithoragarh","Pithoragarh","53","NA","05964-252175","05964 - 252175","kvkpithoragarh@yahoo.com","262530","ICAR-ATARI  Zone-I Ludhiana","G.B. Pant University of Agriculture & Technology , Dist.Pantnagar, Uttarakhand","29.560678","80.218153"
"K0241","Dehradun","Krishi Vigyan Kendra,Dhakrani, PO. Herbertpur,Distt. Dehradun","Uttarakhand","=""5""","Dehradun","Dehradun","49","http://dehradun.kvk4.in","01360-224378","01360-224378","kvkdehradun@gmail.com","248001","ICAR-ATARI  Zone-I Ludhiana","G.B. Pant University of Agriculture & Technology , Dist.Pantnagar, Uttarakhand","30.44289","77.702988"
"K0242","Uttarkashi","Krishi Vigyan Kendra,Chinyalisaur, Distt. Uttarkashi","Uttarakhand","=""5""","Uttarkashi","Uttarkashi","57","http://uttarkashi.kvk4.in/","NA","01371-237198","kvk.uttarkashi@icar.gov.in","249196","ICAR-ATARI  Zone-I Ludhiana","ICAR VPKAS  , Almora, Uttarakhand","30.575013","78.329992"
"K0243","Tehri Garhwal","Krishi Vigyan Kendra,Ranichauri, VCSG UUHF, Distt. Tehri Garhwal","Uttarakhand","=""5""","Tehri Garhwal","Tehri Garhwal","55","http://tehrigarhwal.kvk4.in/","01376-252101","01376 - 252 101","kvktehrigarhwal@gmail.com","249199","ICAR-ATARI  Zone-I Ludhiana","Uttarakhand University of Horticulture & Forestry , Bharsar Dist.Pauri Garhwal, Uttarakhand ","30.321616","78.418352"
"K0244","Champawat","Krishi Vigyan Kendra,PO. Gulchora,Lohaghat,Distt. Champawat","Uttarakhand","=""5""","Champawat","Champawat","48","http://champawat.kvk4.in/","05965-234820","NA","officerinchargekvklohaghat@gmail.com","262524","ICAR-ATARI  Zone-I Ludhiana","G.B. Pant University of Agriculture & Technology , Dist.Pantnagar, Uttarakhand","29.413995","80.061874"
"K0245","Ambedkar Nagar","Krishi Vigyan Kendra,Distt. Ambedkar Nagar","Uttar Pradesh","=""9""","Ambedkar Nagar","Ambedkar Nagar","121","http://ambedkarnagar.kvk4.in/","52712166644","05271-216664","pckvkambedkarnagar@gmail.com","224168","ICAR-ATARI  Zone-III Kanpur","Narendra Deva University of Agriculture & Technol , Kumarganj, Dist.Faizabad","26.377503","82.445675"
"K0246","Sant Kabir Nagar","Vill.Bagahi, Block-Pauli, Tehsil. Dhanghata, Distt. Sant Kabir Nagar","Uttar Pradesh","=""9""","Sant Kabir Nagar","Sant Kabir Nagar","178","http://www.santkabirnagar.kvk4.in","NA","NA","kvksknagar@gmail.com","272175","ICAR-ATARI  Zone-III Kanpur","Narendra Deva University of Agriculture & Technol , Kumarganj, Dist.Faizabad","26.778441","83.047881"
"K0247","Mahamaya Nagar","Krishi Vigyan Kendra, Jau-Inyatpur,Rati Nagla, Sikandara Rao Road ,Distt. Hathras ","Uttar Pradesh","=""9""","Mahamaya Nagar","Hathras","163","http://mahamayanagar.kvk4.in/","NA","NA","pckvkhathras@gmail.com","204101","ICAR-ATARI  Zone-III Kanpur","C.S. Azad University of Agriculture & Technology , Dist. Kanpur ","27.66858","78.270266"
"K0248","Deoria","Krishi Vigyan Kendra,At village Malhana, PO. Bankata Mishra (Majhauli Raj) Distt. Deoria U.P.","Uttar Pradesh","=""9""","Deoria","Deoria","137","kvkdeoria.iivr.org.in","NA","NA","kvkdeoria98@gmail.com","274506","ICAR-ATARI  Zone-III Kanpur","ICAR Indian Institute of Vegetable  Research , P. B. No. 1, Jakhini, Shahanshahpur, Varanasi, Uttar Pradesh","26.314412","83.993536"
"K0249","Bhadohi","ICAR-KRISHI VIGYAN KENDRA, VILLAGE - BEJWAN, POST - UGAPUR (AURAI),BHADOHI(U.P.)","Uttar Pradesh","=""9""","Sant Ravidas Nagar (Bhadohi)","Bhadohi","179","http://kvkbhadohi.iivr.org.in","NA","NA","kvkbhadohi@gmail.com","221301","ICAR-ATARI  Zone-III Kanpur","ICAR Indian Institute of Vegetable  Research , P. B. No. 1, Jakhini, Shahanshahpur, Varanasi, Uttar Pradesh","25.38727","82.568031"
"K0250","Banda","Krishi Vigyan Kendra,Campus Banda University of Agriculture and Technology, Banda","Uttar Pradesh","=""9""","Banda","Banda","128","http://www.banda.kvk4.in","05192-232315","NA","kvkbanda@gmail.com","210001","ICAR-ATARI  Zone-III Kanpur","Banda University of Agriculture & Technology,Banda,U.P , Banda,U.P","25.517271","80.904224"
"K0251","Auraiya","Krishi Vigyan Kendra,District- Auraiya","Uttar Pradesh","=""9""","Auraiya","Auraiya","122","auraiya.kvk4.in","NA","NA","kvkauraiya1@gmail.com","206241","ICAR-ATARI  Zone-III Kanpur","C.S. Azad University of Agriculture & Technology , Dist. Kanpur ","26.626199","79.508195"
"K0252","Kaushambi","Krishi Vigyan Kendra,Malak Moinuddin, The. Chayal,Distt. Kaushambi","Uttar Pradesh","=""9""","Kaushambi","Kaushambi","158","http://kaushambi.kvk4.in/","NA","NA","kvkkaushambi@gmail.com","212213","ICAR-ATARI  Zone-III Kanpur","Dr Bhim Rao Ambedkar Welfare Society , Dr Bhim Rao Ambedkar Welfare Society, Elgin road, Civil lines, Allahabad- 211001","25.535869","81.621283"
"K0253","Gautam Budh Nagar","Krishi Vigyan Kendra, V&P - Chhaulas, Block - Dadri, Distt. Gautam Budh Nagar","Uttar Pradesh","=""9""","Gautam Buddha Nagar","Gautam Buddha Nagar","144","http://gautambudhanagar.kvk4.in/index.html","NA","NA","gbnagarkvk@gmail.com","203207","ICAR-ATARI  Zone-III Kanpur","Sardar Vallabhbhai Patel University of Agricultur , Modipuram, Dist.Meerut, Uttar Pradesh ","28.530114","77.653534"
"K0254","Jaunpur-I","Krishi Vigyan Kendra,Buxa,Distt. Jaunpur","Uttar Pradesh","=""9""","Jaunpur","Jaunpur","152","http://jaunpur.kvk4.in/","9984369526","NA","kvkjaunpur@gmail.com","222109","ICAR-ATARI  Zone-III Kanpur","Narendra Deva University of Agriculture & Technol , Kumarganj, Dist.Faizabad","25.716617","82.702577"
"K0255","Chandauli","Krishi Vigyan Kendra,Bichiya Agril Farm (Near Vikas Bhawan)Distt. Chandauli","Uttar Pradesh","=""9""","Chandauli","Chandauli","135","http://chandauli.kvk4.in","9415687643","NA","pckvkchandauli@gmail.com","232104","ICAR-ATARI  Zone-III Kanpur","Narendra Deva University of Agriculture & Technol , Kumarganj, Dist.Faizabad","25.259894","83.240681"
"K0256","Balrampur","Krishi Vigyan Kendra,Village- Motipur harhawa, Pachperwa, Balrampur ","Uttar Pradesh","=""9""","Balrampur","Balrampur","127","http://www.balrampur.kvk4.in","NA","NA","kvkblp@gmail.com","271201","ICAR-ATARI  Zone-III Kanpur","Narendra Deva University of Agriculture & Technol , Kumarganj, Dist.Faizabad","27.519097","82.6462"
"K0257","Hamirpur","Krishi Vigyan Kendra, Govt. Agriculture Farm, Kurara,Distt. Hamirpur","Uttar Pradesh","=""9""","Hamirpur","Hamirpur","149","http://hamirpur.kvk4.in","NA","NA","kvkhamirpur@gmail.com","210505","ICAR-ATARI  Zone-III Kanpur","Banda University of Agriculture & Technology,Banda,U.P , Banda,U.P","25.982369","79.987002"
"K0258","Jalaun ","Krishi Vigyan Kendra,Govt. Agriculture Farm, Rura Mallu,PO. Shahjadpura,Distt. Jalaun","Uttar Pradesh","=""9""","Jalaun ","Jalaun","151","http://jalaun.kvk4.in/","NA","NA","kvkjalaun@gmail.com","285001","ICAR-ATARI  Zone-III Kanpur","Banda University of Agriculture & Technology,Banda,U.P , Banda,U.P","26.077377","79.371668"
"K0259","Lakhimpur Kheri-I","Krishi Vigyan Kendra,Jamunabad, PO. Gola, Tehsil Gola,Distt. Lakhimpur-Kheri","Uttar Pradesh","=""9""","Kheri","Kheri","159","http://lakhimpurkheri.kvk4.in","NA","NA","pckvk.lmp@gmail.com","262802","ICAR-ATARI  Zone-III Kanpur","C.S. Azad University of Agriculture & Technology , Dist. Kanpur ","28.540683","80.769187"
"K0260","Lalitpur","Krishi Vigyan Kendra,Govt. Agriculture Farm, Khiria Misra,PO. Bamourikala, Devgarh RoadDistt. Lalitpur","Uttar Pradesh","=""9""","Lalitpur","Lalitpur","161","http://lalitpur.kvk4.in","NA","NA","kvklalitpur@rediffmail.com","284403","ICAR-ATARI  Zone-III Kanpur","Banda University of Agriculture & Technology,Banda,U.P , Banda,U.P","24.637317","78.366984"
"K0261","Farrukhabad","Krishi Vigyan Kendra, Jajpur Banjara, Block Mohamdabad Distt. Farrukhabad","Uttar Pradesh","=""9""","Farrukhabad","Farrukhabad","141","http://www.farrukhabad.kvk4.in","NA","NA","kvk.farrukhabad@gmail.com","209625","ICAR-ATARI  Zone-III Kanpur","C.S. Azad University of Agriculture & Technology , Dist. Kanpur ","27.384834","79.605083"
"K0262","Hardoi-I","Krishi Vigyan Kendra, Village- Tatyora (Near Govt. Polytechnic),Distt. Hardoi","Uttar Pradesh","=""9""","Hardoi","Hardoi","150","http://hardoi.kvk4.in/index.html","9415190350","NA","kvkhardoi011@gmail.com","241001","ICAR-ATARI  Zone-III Kanpur","C.S. Azad University of Agriculture & Technology , Dist. Kanpur ","27.391764","80.0778"
"K0263","Kushinagar","Krishi Vigyan Kendra, Regional Research Station, IIVR, Sargatia, Distt. Kushinagar","Uttar Pradesh","=""9""","Kushinagar","Kushinagar","160","http://kvkkushinagr.iivr.org.in/","NA","NA","kushinagarkvk@gmail.com","274406","ICAR-ATARI  Zone-III Kanpur","ICAR Indian Institute of Vegetable  Research , P. B. No. 1, Jakhini, Shahanshahpur, Varanasi, Uttar Pradesh","27.027126","83.914604"
"K0264","Sitapur 1","Krishi Vigyan Kendra,Amberpur, Block Sidhauli,Distt. Sitapur","Uttar Pradesh","=""9""","Sitapur","Sitapur","183","http://sitapur1.kvk4.in","0522-4044406","0522-4044406","kvksitapur@gmail.com","261303","ICAR-ATARI  Zone-III Kanpur","Manav Vikas Evam Sewa Sansthan , Manav Vikas Evam Sewa Sansthan, Dist- Lucknow-226005","27.19204","80.804482"
"K0265","Baghpat","Krishi Vigyan Kendra, Khekra (Behind New Tehsil), Distt. Baghpat","Uttar Pradesh","=""9""","Baghpat","Baghpat","124","http://baghpat.kvk4.in","NA","NA","kvkbaghpat2@gmail.com","250101","ICAR-ATARI  Zone-III Kanpur","Sardar Vallabhbhai Patel University of Agricultur , Modipuram, Dist.Meerut, Uttar Pradesh ","28.86381","77.280407"
"K0266","Moradabad-I","Krishi Vigyan Kendra,Rustamnagar, Bilari,Distt. Moradabad","Uttar Pradesh","=""9""","Moradabad","Moradabad","171","http://http//www.moradabad.kvk4.in/","05921-270044","NA","moradabadkvk@gmail.com","202411","ICAR-ATARI  Zone-III Kanpur","Sardar Vallabhbhai Patel University of Agricultur , Modipuram, Dist.Meerut, Uttar Pradesh ","28.5998","78.7972"
"K0267","Faizabad","Krishi Vigyan Kendra, Ayodhya (U.P.) ","Uttar Pradesh","=""9""","Faizabad","Ayodhya","140","http://faizabad.kvk4.in/","NA","NA","kvkmasodhafaizabad@gmail.com","224133","ICAR-ATARI  Zone-III Kanpur","Narendra Deva University of Agriculture & Technol , Kumarganj, Dist.Faizabad","26.713953","82.153852"
"K0268","Gorakhpur 1","Krishi Vigyan Kendra,Belipar,Gorakhpur ","Uttar Pradesh","=""9""","Gorakhpur","Gorakhpur","148","http://gorakhpur.kvk4.in/","0124-2764907","05521 - 244421","kvkgorakhpur@gmail.com","273413","ICAR-ATARI  Zone-III Kanpur","Narendra Deva University of Agriculture & Technol , Kumarganj, Dist.Faizabad","26.591079","83.406627"
"K0269","Maharajganj","Dr D P Singh Krishi Vighyan Kendra Basuli,Village Basuli,Post Basuli,Distt Mahrajganj,U.P. PIN 273153","Uttar Pradesh","=""9""","Mahrajganj","Mahrajganj","164","http://maharajganj.kvk4.in/","0124-2764907","NA","kvkmahrajganj2019@gmail.com","273153","ICAR-ATARI  Zone-III Kanpur","Narendra Deva University of Agriculture & Technol , Kumarganj, Dist.Faizabad","27.250851","83.775709"
"K0270","Sonbhadra","Mangurahi, Robertsganj, Sonbhadra (Near Deputy Director Agriculture Office) ","Uttar Pradesh","=""9""","Sonbhadra","Sonbhadra","184","http://www.sonbhadra.kvk4.in","NA","NA","kvksonbhadra@gmail.com","231216","ICAR-ATARI  Zone-III Kanpur","Narendra Deva University of Agriculture & Technol , Kumarganj, Dist.Faizabad","24.765586","83.06049"
"K0271","Azamgarh 1","Krishi Vigyan Kendra,Kotwa, P.O. Tamoli (Rani Ki Sarai), Distt. Azamgarh","Uttar Pradesh","=""9""","Azamgarh","Azamgarh","123","http://azamgarh.kvk4.in/","05462 – 245963","05462 – 245963","kvkazamgarh@gmail.com","276207","ICAR-ATARI  Zone-III Kanpur","Narendra Deva University of Agriculture & Technol , Kumarganj, Dist.Faizabad","26.275186","82.770995"
"K0272","Barabanki","Krishi Vigyan Kendra, Haidargarh ,Distt. Barabanki","Uttar Pradesh","=""9""","Bara Banki","Bara Banki","129","http://barabanki.kvk4.in/","NA","NA","kvkbarabanki@gmail.com","225124","ICAR-ATARI  Zone-III Kanpur","Narendra Deva University of Agriculture & Technol , Kumarganj, Dist.Faizabad","26.611865","81.361565"
"K0273","Kanpur Dehat","Krishi Vigyan Kendra,Zonal Agricultural Research Station,Daleep Nagar,Distt. Kanpur (Dehat)","Uttar Pradesh","=""9""","Kanpur Dehat","Kanpur Dehat","156","http://www.kanpurdehat.kvk4.in","NA","5122533808","kvkkanpurdehat@gmail.com","209204","ICAR-ATARI  Zone-III Kanpur","C.S. Azad University of Agriculture & Technology , Dist. Kanpur ","26.603161","80.1063"
"K0274","Mainpuri","Krishi Vigyan Kendra,Regional Research Station,Distt. Mainpuri","Uttar Pradesh","=""9""","Mainpuri","Mainpuri","166","http://mainpuri.kvk4.in/","NA","NA","mainpurikvk@yahoo.com","205001","ICAR-ATARI  Zone-III Kanpur","C.S. Azad University of Agriculture & Technology , Dist. Kanpur ","27.224427","79.048475"
"K0275","Mahoba","Krishi Vigyan Kendra,Zonal Agricultural Research Station, Belatal,PO. Jaitpur,Distt. Mahoba","Uttar Pradesh","=""9""","Mahoba","Mahoba","165","http://mahoba.kvk4.in/","0124-2764907","NA","kvkmahoba@gmail.com","210423","ICAR-ATARI  Zone-III Kanpur","Banda University of Agriculture & Technology,Banda,U.P , Banda,U.P","25.270313","79.57433"
"K0276","Etawah","Krishi Vigyan Kendra,Dr. B.R. Ambedkar Agricultural Engineering College Farm,Distt. Etawah","Uttar Pradesh","=""9""","Etawah","Etawah","139","http://etawah.kvk4.in/index.html","NA","NA","pckvketawah@gmail.com","206001","ICAR-ATARI  Zone-III Kanpur","C.S. Azad University of Agriculture & Technology , Dist. Kanpur ","26.78903","78.997312"
"K0277","Kannauj","Krishi Vigyan Kendra,Post Anaughi, Block- Jalalabad, Distt. Kannauj","Uttar Pradesh","=""9""","Kannauj","Kannauj","155","http://www.kannauj.kvk4.in","0124-2764907","NA","kvk.kannauj@gmail.com","209733","ICAR-ATARI  Zone-III Kanpur","C.S. Azad University of Agriculture & Technology , Dist. Kanpur ","27.062876","79.780286"
"K0278","Firozabad","Krishi Vigyan Kendra,Hazaratpur, PO. Ussain,Distt. Firozabad","Uttar Pradesh","=""9""","Firozabad","Firozabad","143","http://firozabad.kvk4.in","5612276043","NA","kvkfirozabad@rediffmail.com","283103","ICAR-ATARI  Zone-III Kanpur","C.S. Azad University of Agriculture & Technology , Dist. Kanpur ","27.220397","78.307798"
"K0279","Bulandshahr ","Near Tahsil NH Buladshahr","Uttar Pradesh","=""9""","Bulandshahr ","Bulandshahr","134","http://bulandshahr.kvk4.in","05732-223103","NA","bulandshahrkvk@gmail.com","203001","ICAR-ATARI  Zone-III Kanpur","Sardar Vallabhbhai Patel University of Agricultur , Modipuram, Dist.Meerut, Uttar Pradesh ","28.532075","77.981057"
"K0280","Agra"," कृषि विज्ञान केंद्र, बिचपुरी, राजा बलवंत सिंह कॉलेज, आगरा 283105","Uttar Pradesh","=""9""","Agra","Agra","118","http://agra.kvk4.in","8433032225","9412373128","kvkagra2002@gmail.com","283105","ICAR-ATARI  Zone-III Kanpur","RBS College , Bichpuri,Dist.Agra (U.P.)","27.175148","77.894139"
"K0281","Ghazipur 1","Krishi Vigyan Kendra,P.G. College, Ravindrapuri,Distt. Gazipur","Uttar Pradesh","=""9""","Ghazipur","Ghazipur","146","http://www.ghazipur.kvk4.in","0548-2220059","0548-2220059","ghazipurkvk@gmail.com","233001","ICAR-ATARI  Zone-III Kanpur","Degree College Association , P.G College Ghazipur- 233002","25.56049","83.546247"
"K0282","Unnao","V.K.S. Krishi Vigyan Kendra, Virendra Nagar, Dhaura, Post - Mohan, Tehsil - Hasanganj, Distt. Unnao","Uttar Pradesh","=""9""","Unnao","Unnao","186","http://www.unnao.kvk4.in","NA","0522-2333896","kvkunnao@gmail.com","209881","ICAR-ATARI  Zone-III Kanpur","Kunwar Ram Bux Singh Educational Society , Kunwar Ram Bux Singh Educational Society, C/11/A Vigyanpuri, Mahanagar, Lucknow-226006","26.815758","80.663091"
"K0283","Pratapgarh","Raja Dinesh Singh KVK,Avadheshpuram Campus,PO. Lala Bajar, Kalakankar,Distt. Pratapgarh","Uttar Pradesh","=""9""","Pratapgarh","Pratapgarh","174","http://pratapgarh.kvk4.in","NA","NA","kvkpratapgarh@gmail.com","229408","ICAR-ATARI  Zone-III Kanpur","Raja Avadhesh Singh Memorial Educational Society , Raja Avadhesh Singh Memorial Educational Society, Kalakankar, Pratapgargh-224408","25.800367","81.371172"
"K0284","Pilibhit","Krishi Vigyan Kendra, Nyoria, Pilibhit","Uttar Pradesh","=""9""","Pilibhit","Pilibhit","173","http://pilibhit.kvk4.in/","NA","NA","kvkpilibhit@gmail.com","262305","ICAR-ATARI  Zone-III Kanpur","Sardar Vallabhbhai Patel University of Agricultur , Modipuram, Dist.Meerut, Uttar Pradesh ","28.663256","80.05962"
"K0285","Shahjahanpur","Krishi Vigyan Kendra,Niyamatpur,Distt. Sahajahanpur","Uttar Pradesh","=""9""","Shahjahanpur","Shahjahanpur","180","http://shahajahanpur.kvk4.in/","NA","NA","shahjahanpurkvk@gmail.com","242001","ICAR-ATARI  Zone-III Kanpur","Sardar Vallabhbhai Patel University of Agricultur , Modipuram, Dist.Meerut, Uttar Pradesh ","27.922946","79.949877"
"K0286","Muzaffarnagar-I","Krishi Vigyan Kendra,Baghra, Distt. Muzaffarnagar","Uttar Pradesh","=""9""","Muzaffarnagar","Muzaffarnagar","172","http://muzaffarnagar.kvk4.in","NA","NA","kvkmuzaffarnagar@gmail.com","251306","ICAR-ATARI  Zone-III Kanpur","Sardar Vallabhbhai Patel University of Agricultur , Modipuram, Dist.Meerut, Uttar Pradesh ","29.483333","77.7"
"K0287","Lucknow","Krishi Vigyan Kendra,IISR, Raibareilly Road,Distt. Lucknow","Uttar Pradesh","=""9""","Lucknow","Lucknow","162","http://lucknow.kvk4.in/","0124-2764907","NA","kvklucknow@gmail.com","226002","ICAR-ATARI  Zone-III Kanpur","ICAR Indian Institute of Sugarcane Research , Raebareili Road, (P.O) Dilkusha, Lucknow,Uttar Pradesh ","26.805157","80.933624"
"K0288","Bijnor","Krishi Vigyan Kendra, Rice Research Station, Nagina","Uttar Pradesh","=""9""","Bijnor","Bijnor","132","http://bijnour.kvk4.in/","01343-250489","01343-250489","bijnorkvk@gmail.com","246762","ICAR-ATARI  Zone-III Kanpur","Sardar Vallabhbhai Patel University of Agricultur , Modipuram, Dist.Meerut, Uttar Pradesh ","29.440908","78.407219"
"K0289","Saharanpur","Krishi Vigyan Kendra,Numaish Camp,New Gopal Nagar Distt. Saharanpur","Uttar Pradesh","=""9""","Saharanpur","Saharanpur","177","http://saharanpur.kvk4.in","0132-2664480","0132-2664480","kvksaharanpur01@gmail.com","247001","ICAR-ATARI  Zone-III Kanpur","Sardar Vallabhbhai Patel University of Agricultur , Modipuram, Dist.Meerut, Uttar Pradesh ","29.97186","77.56511"
"K0290","Budaun 1","Krishi Vigyan Kendra,Bara Pathar Farm,Ujhani,Distt. Badaun","Uttar Pradesh","=""9""","Budaun","Budaun","133","http://badaun.kvk4.in/","NA","NA","badaunkvk@gmail.com","243639","ICAR-ATARI  Zone-III Kanpur","Sardar Vallabhbhai Patel University of Agricultur , Modipuram, Dist.Meerut, Uttar Pradesh ","27.997749","79.005898"
"K0291","Ghaziabad","Krishi Vigyan Kendra,Behind Ordinance Factory,Muradnagar, Ghaziabad","Uttar Pradesh","=""9""","Ghaziabad","Ghaziabad","145","http://ghaziabad.kvk4.in/","01232 262300","NA","ghaziabadkvk@gmail.com","201206","ICAR-ATARI  Zone-III Kanpur","Sardar Vallabhbhai Patel University of Agricultur , Modipuram, Dist.Meerut, Uttar Pradesh ","28.758631","77.500697"
"K0292","Rampur","Krishi Vigyan Kendra,Dhamora,Post Dhamora,Distt. Rampur","Uttar Pradesh","=""9""","Rampur","Rampur","176","http://rampur.kvk4.in","NA","NA","rampurkvk@gmail.com","244701","ICAR-ATARI  Zone-III Kanpur","Sardar Vallabhbhai Patel University of Agricultur , Modipuram, Dist.Meerut, Uttar Pradesh ","28.679","79.1161"
"K0293","Meerut","Swami Kalyan Dev Krishi Vigyan Kendra, Hastinapur,Distt. Meerut","Uttar Pradesh","=""9""","Meerut","Meerut","169","http://meerut.kvk4.in/","01233-280605","01233 - 280605","meerutkvk@gmail.com","250404","ICAR-ATARI  Zone-III Kanpur","Sardar Vallabhbhai Patel University of Agricultur , Modipuram, Dist.Meerut, Uttar Pradesh ","29.157179","77.994004"
"K0294","Siddharthnagar","Krishi Vigyan Kendra,Vill. & PO. Sohna, Distt. Siddharthnagar","Uttar Pradesh","=""9""","Siddharthnagar","Siddharthnagar","182","http://sidharthnagar.kvk4.in/","0124-2764907","NA","kvksiddharthnagar2018@gmail.com","272193","ICAR-ATARI  Zone-III Kanpur","Narendra Deva University of Agriculture & Technol , Kumarganj, Dist.Faizabad","27.30201","82.599652"
"K0295","Aligarh","Krishi Vigyan Kendra,Central Dairy Farm Complex, Anoopshahar Rd., Distt. Aligarh","Uttar Pradesh","=""9""","Aligarh","Aligarh","119","http://aligarh.kvk4.in","NA","NA","kvkaligarh@rediffmail.com","202122","ICAR-ATARI  Zone-III Kanpur","C.S. Azad University of Agriculture & Technology , Dist. Kanpur ","27.958377","78.084469"
"K0296","Allahabad (Prayagraj 1)","Krishi Vigyan Kendra,C/o Sam Higginbottom University of Agriculture Technology and Sciences,Distt. Allahabad","Uttar Pradesh","=""9""","Allahabad ","Prayagraj","120","http://allahabad.kvk4.in/","NA","NA","kvkaldshuats@gmail.com","211007","ICAR-ATARI  Zone-III Kanpur","Allahabad Agril. Institute , Naini,Dist. Allahabad, (U.P.)","25.413082","81.8479"
"K0297","Chitrakoot","Krishi Vigyan Kendra, Via Pahari, Ganiwan, Distt. Chitrakoot","Uttar Pradesh","=""9""","Chitrakoot","Chitrakoot","136","http://Chitrakoot.kvk4.in","NA","NA","kvkchitrakoot1992@gmail.com","210206","ICAR-ATARI  Zone-III Kanpur","Deen Dayal Research Institute , Krishi Vigyan Kendra, Majhgawan (Satna) MP-485331","25.337459","80.955861"
"K0298","Mau","Krishi Vigyan Kendra,Pilkhi, PO. Haldharpur, Distt. Mau","Uttar Pradesh","=""9""","Mau","Mau","168","http://mau.kvk4.in/","NA","NA","kvkmau@gmail.com","221705","ICAR-ATARI  Zone-III Kanpur","Narendra Deva University of Agriculture & Technol , Kumarganj, Dist.Faizabad","26.13735","83.394101"
"K0299","Varanasi","Krishi Vigyan Kendra,Kallipur, PO. Mirzamurad,Distt. Varanasi","Uttar Pradesh","=""9""","Varanasi","Varanasi","187","http://varanasi.kvk4.in/","0124-2764907","9415687643","kvkkallipurvns@gmail.com","221307","ICAR-ATARI  Zone-III Kanpur","Narendra Deva University of Agriculture & Technol , Kumarganj, Dist.Faizabad","25.284297","82.802132"
"K0300","Basti","Krishi Vigyan Kendra,Banjariaya Farm, PO. Katiya,Distt. Basti","Uttar Pradesh","=""9""","Basti","Basti","131","http://www.basti.kvk4.in","9450547719","NA","kvkbasti@gmail.com","272302","ICAR-ATARI  Zone-III Kanpur","Narendra Deva University of Agriculture & Technol , Kumarganj, Dist.Faizabad","26.780796","82.555958"
"K0301","Jhansi","Krishi Vigyan Kendra,Bharari, PO. Bhojla,Distt. Jhansi","Uttar Pradesh","=""9""","Jhansi","Jhansi","153","http://kvk.icar.gov.in","5102792282","5102792282","kvkjhansi@gmail.com","284002","ICAR-ATARI  Zone-III Kanpur","Banda University of Agriculture & Technology,Banda,U.P , Banda,U.P","25.542793","78.563667"
"K0302","Fatehpur","Krishi Vigyan Kendra,Tharion, PO.Tharion,Distt. Fatehpur","Uttar Pradesh","=""9""","Fatehpur","Fatehpur","142","http://fatehpur.kvk4.in/","05180-242214","NA","kvkfatehpur@rediffmail.com","212622","ICAR-ATARI  Zone-III Kanpur","C.S. Azad University of Agriculture & Technology , Dist. Kanpur ","25.850178","81.031732"
"K0303","Gonda 1","LBS Krishi Vigyan Kendra,Gopalgram,Post- Durgonwa, Distt. Gonda (U.P.)","Uttar Pradesh","=""9""","Gonda","Gonda","147","http://gonda.kvk4.in","NA","NA","drikvkgonda@gmail.com","271125","ICAR-ATARI  Zone-III Kanpur","Deen Dayal Research Institute , Krishi Vigyan Kendra, Majhgawan (Satna) MP-485331","27.066747","81.88535"
"K0304","Bareilly","Krishi Vigyan Kendra,ICAR-Indian Veterinary Research Institute, Izatnagar,Distt. Bareilly","Uttar Pradesh","=""9""","Bareilly","Bareilly","130","http://ivri.nic.in/services/kvk/default.aspx","0581-2301181","0581-2303284","kvkbareilly1985@gmail.com","243122","ICAR-ATARI  Zone-III Kanpur","ICAR Indian Veterinary Research Institute , Izatnagar, Bareilly,Uttar Pradesh","28.391382","79.42737"
"K0305","Ballia","Krishi Vigyan Kendra, P+O.- Sohoan, Distt. Ballia","Uttar Pradesh","=""9""","Ballia","Ballia","126","http://ballia.kvk4.in","05498 258201","NA","kvkballia@gmail.com","277504","ICAR-ATARI  Zone-III Kanpur","Narendra Deva University of Agriculture & Technol , Kumarganj, Dist.Faizabad","25.632254","83.998116"
"K0306","Mathura","Krishi Vigyan Kendra, main University Campus ,Distt. Mathura","Uttar Pradesh","=""9""","Mathura","Mathura","167","http://mathura.kvk4.in","0565-2471237","NA","mathurakvk@gmail.com","281001","ICAR-ATARI  Zone-III Kanpur","UP Pandit Deen Dayal Upadhyaya Pashu Chikitsa Vig , Evam Go Anusandhan Sansthan (DUVASU), Mathura, Uttar Pradesh","27.460609","77.700772"
"K0307","Raebareilly I","Krishi Vigyan Kendra,Dariapur, PO. Munsiganj,Distt. Rai Bareli","Uttar Pradesh","=""9""","Rae Bareli","Rae Bareli","175","http://www.raebareli.kvk4.in","NA","NA","kvk.raebareli1984@gmail.com","229405","ICAR-ATARI  Zone-III Kanpur","C.S. Azad University of Agriculture & Technology , Dist. Kanpur ","26.172823","81.246893"
"K0308","Mirzapur","Krishi Vigyan Kendra, RGSC , B.H.U., Barkachha , Mirzapur","Uttar Pradesh","=""9""","Mirzapur","Mirzapur","170","http://mirzapur.kvk4.in/","9450232889","NA","kvkbhu@gmail.com","231001","ICAR-ATARI  Zone-III Kanpur","Banaras Hindu University, , Varanasi","25.073915","82.589914"
"K0309","Bahraich-I","Krishi Vigyan Kendra,Crop Research Station,Near Kisan Degree College,Distt. Bahraich","Uttar Pradesh","=""9""","Bahraich","Bahraich","125","http://www.bahraich.kvk4.in","05252-297171","NA","kvkbahraich@gmail.com","271801","ICAR-ATARI  Zone-III Kanpur","Narendra Deva University of Agriculture & Technol , Kumarganj, Dist.Faizabad","27.563142","81.589214"
"K0310","Etah","Krishi Vigyan Kendra,R.B.S. College, Awagarh,Distt. Etah","Uttar Pradesh","=""9""","Etah","Etah","138","http://etah.kvk4.in/","05745-224338","05745-224338","kvkawagarh@rediffmail.com","207301","ICAR-ATARI  Zone-III Kanpur","RBS College , Bichpuri,Dist.Agra (U.P.)","27.44997","78.486105"
"K0311","Sultanpur-I","Krishi Vigyan Kendra,C/o Kamla Nehru Memorial Trust, Post-  KNI, Ayodhya Road, Distt. Sultanpur","Uttar Pradesh","=""9""","Sultanpur","Sultanpur","185","http://www.knmt.org.in/kvk/index.html","5362220249","5362241733","kvksln@gmail.com","228118","ICAR-ATARI  Zone-III Kanpur","Kamla Nehru Memorial Trust , Kamla Nehru Memorial Trust, P.O KNI Lal Diggi Sultanpur-228118","26.291693","82.081257"
"K0312","Sitapur 2","Krishi Vigyan Kendra-II, Vill.-Katia, Post-Manpur, Block & Tehsil-Biswan,Distt.- Sitapur(Uttar Pradesh)","Uttar Pradesh","=""9""","Sitapur","Sitapur","183","http://sitapur2.kvk4.in/","05863-211035","05368-222400","sitapurkvk2@gmail.com","241145","ICAR-ATARI  Zone-III Kanpur","Ranveer Rananjay Degree College Association , Ranajay Degree College Association, Amethi-227405","27.50184","80.641176"
"K0313","Nalgonda 2","Krishi Vigyan Kendra,Babusahepost, Tripuraram,Miryalaguda","Telangana","=""36""","Nalgonda","Nalgonda","514","NA","8689237966","8689237966","kvk_kampasagar@rediffmail.com","508207","ICAR-ATARI  Zone-X Hyderabad","Prof. Jayashankar Telangana State Agricultural Uni , Rajendranagar, Hyderabad,Telangana State","16.860143","79.454532"
"K0314","Warangal 2","Krishi Vigyan Kendra,Warangal(Urban) district, ","Telangana","=""36""","Jayashankar Bhupalapally","Jayashankar Bhupalapally","687","http://www.kvkmamnoor.com","9100956361","NA","kvktsvu@gmail.com","506166","ICAR-ATARI  Zone-X Hyderabad","PVNR Veterinary University, Hyderabad , P.V. Narsimha Rao Telangana Veterinary University,Administrative Office Rajendranagar, Hyderabad -500030 Telangana","17.910641","79.589645"
"K0315","Ramagirikhilla","Krishi Vigyan Kendra,Ramagirikhilla,Ratnapur village,Ramagiri Mandal,Distt. Peddapalli","Telangana","=""36""","Peddapalli","Peddapalli","682","http://www.skltshu.ac.in/","NA","NA","kvkrgkhilla@gmail.com","505212","ICAR-ATARI  Zone-X Hyderabad","Sardar Krushi Nagar Dantiwara Agricultural Univer , S.K Nagar Dantiwara, Gujarat ","18.301601","79.471766"
"K0316","East Godavari 2","Krishi Vigyan Kendra,Pandirimamidi, Rampachodavaram Mandal, East Godavari Dist. ","Andhra Pradesh","=""28""","East Godavari","East Godavari","505","NA","8864243099","NA","kvkpmd@gmail.com","533288","ICAR-ATARI  Zone-X Hyderabad","Dr. Y S Rajasekar Reddy Horticultural University , Venkataramanagudem West Godavari, Andhra Pradesh","17.425789","81.791424"
"K0317","West Godavari 2","Krishi Vigyan Kendra, Venkataramannagudem","Andhra Pradesh","=""28""","West Godavari","West Godavari","523","https://www.drysrhu.edu.in/","0124-2764907","NA","kvkvenkataramannagudem@gmail.com","534101","ICAR-ATARI  Zone-X Hyderabad","Dr. Y S Rajasekar Reddy Horticultural University , Venkataramanagudem West Godavari, Andhra Pradesh","16.88575","81.457017"
"K0318","Anantapur 2","Krishi Vigyan Kendra,Garudapuram Village,Bengaluru Road, Kalyandurg Mandal, Anantapuramu (Dist).","Andhra Pradesh","=""28""","Anantapur","Ananthapuramu","502","http://www.kvkkalyandurg-angrau.org","NA","NA","kvkkalyandurg@yahoo.co.in","515761","ICAR-ATARI  Zone-X Hyderabad","Acharya NG Ranga Agril. University  , Rajendranagar, Hyderabad","14.477443","77.090765"
"K0319","Kurnool 2","Krishi VIgyan Kendra,Banavasi village,Yemmiganur Mandal,Distt. Kurnool","Andhra Pradesh","=""28""","Kurnool","Kurnool","511","http://www.kvkbanavasi-angrau.org","08512 296111","08512 296111","kvk.banavasi@angrau.ac.in","518360","ICAR-ATARI  Zone-X Hyderabad","Acharya NG Ranga Agril. University  , Rajendranagar, Hyderabad","15.726941","77.407362"
"K0320","Mahabubnagar 2","Krishi Vigyan Kendra, Palem village , Bijinapally Mandal, Nagarkurnool district. Telangana.","Telangana","=""36""","Mahbubnagar","Mahabubnagar","512","www.kvkpalem.com","08540-228644","NA","kvkpalem2011@gmail.com","509215","ICAR-ATARI  Zone-X Hyderabad","Prof. Jayashankar Telangana State Agricultural Uni , Rajendranagar, Hyderabad,Telangana State","16.381677","77.937526"
"K0321","Kadapa Utukur","KRISHI VIGYAN KENDRA","Andhra Pradesh","=""28""","Y.S.R.","Y.S.R.","504","NA","NA","NA","kvk_utkkdp@rediffmail.com","516003","ICAR-ATARI  Zone-X Hyderabad","Acharya NG Ranga Agril. University  , Rajendranagar, Hyderabad","14.7915","78.7795"
"K0322","Sri Potti Sriramulu Nellore 1","Krishi Vigyan Kendra,  Nellore","Andhra Pradesh","=""28""","Sri Potti Sriramulu Nellore","Sri Potti Sriramulu Nellore","515","http://www.kvknellore-angrau.org","8612349356","NA","kvk.nellore@angrau.ac.in","524004","ICAR-ATARI  Zone-X Hyderabad","Acharya NG Ranga Agril. University  , Rajendranagar, Hyderabad","14.416206","79.966271"
"K0323","Adilabad","Krishi Vigyan Kendra, Agricultural Research Station, Dist. Adilabad","Telangana","=""36""","Kumuram Bheem Asifabad","Kumuram Bheem Asifabad","699","http://www.pjtsau.ac.in/kvks.php ","08732-220458","08732-220458","kvkadilabad@yahoo.co.in","504002","ICAR-ATARI  Zone-X Hyderabad","Prof. Jayashankar Telangana State Agricultural Uni , Rajendranagar, Hyderabad,Telangana State","19.648785","78.518951"
"K0324","Prakasam 1","Krishi Vigyan Kendra,-Agricultural Research Station,PO. DarsiDistt. Prakasam","Andhra Pradesh","=""28""","Prakasam","Prakasam","517","http://www.kvkdarsi-angrau.org","NA","08407-254769","kvkdarsi2001@gmail.com","523247","ICAR-ATARI  Zone-X Hyderabad","Acharya NG Ranga Agril. University  , Rajendranagar, Hyderabad","15.787884","79.661811"
"K0325","Khammam","Krishi Vigyan Kendra,Near Sai Baba Temple, Gandagandlapadu PO. Wyra mandal. Khammam dist","Telangana","=""36""","Khammam","Khammam","509","http://www.pjtsau.net/front/index.php","08749 - 251803","08749 - 252748","wyrakvkinfo2@gmail.com","507165","ICAR-ATARI  Zone-X Hyderabad","Prof. Jayashankar Telangana State Agricultural Uni , Rajendranagar, Hyderabad,Telangana State","17.182294","80.371757"
"K0326","Nizamabad","Krishi Vigyan Kendra, PO. Rudrur Distt. Nizamabad","Telangana","=""36""","Nizamabad","Nizamabad","516","http://www.pjtsau.org/front/index.php","8467284555","NA","kvknizamabadts@gmail.com","503188","ICAR-ATARI  Zone-X Hyderabad","Prof. Jayashankar Telangana State Agricultural Uni , Rajendranagar, Hyderabad,Telangana State","18.560649","77.87676"
"K0327","Krishna 1","Krishi Vigyan Kendra, Agril. Research Station, PO. Garikapadu,Distt. Krishna","Andhra Pradesh","=""28""","Krishna","Krishna","510","http://www.kvkgarikapadu-angrau.org","08654-288238","08654-288322","kvk.garikapadu@angrau.ac.in","521175","ICAR-ATARI  Zone-X Hyderabad","Acharya NG Ranga Agril. University  , Rajendranagar, Hyderabad","16.95073","80.054093"
"K0328","West Godavari 1","NRP Agrahram","Andhra Pradesh","=""28""","West Godavari","West Godavari","523","http://www.kvkundi-angrau.org","NA","NA","kvk.undi@angrau.ac.in","534199","ICAR-ATARI  Zone-X Hyderabad","Acharya NG Ranga Agril. University  , Rajendranagar, Hyderabad","16.575246","81.482125"
"K0329","Visakhapatnam 1","BCT-KVK, Eco Rejuvenation Centre, Haripuram - 531061, Rambilli Mandal, Visakhapatnam Dist.","Andhra Pradesh","=""28""","Visakhapatnam","Visakhapatnam","520","http://bctindia.org/agriculture/","08924-253850","08924-253780","vizag.kvk@bctindia.org","531061","ICAR-ATARI  Zone-X Hyderabad","Bhagavatula Charitable Trust , Bhagavatula Charitable Trust (BCT)-KVK,Eco Rejuvenation centre, Haripuram-531061","17.530729","82.933184"
"K0330","East Godavari 1","Krishi Vigyan Kendra, Kalavacharla, East Godavari District.","Andhra Pradesh","=""28""","East Godavari","East Godavari","505","http://www.ctri.org.in","0883-2007633, 2448995","0883-2410555","kvkctri@gmail.com","533297","ICAR-ATARI  Zone-X Hyderabad","ICAR-Central Tobacco Research Institute  , Bhaskar Nagar Rajamundry, East Godavari Andhra Pradesh","17.137381","81.902033"
"K0331","Mahabubnagar 1","Krishi Vigyan Kendra,Wanaparthy Station Road, Madanapuram (Vill. & Mdl), Wanaparthy District, Mahaboobnagar, Telangana State.","Telangana","=""36""","Mahbubnagar","Mahabubnagar","512","https://www.yfakvkmahabubnagar.org","08545-293190","4027791829","kvk_mahaboobnagar@yahoo.co.in","509110","ICAR-ATARI  Zone-X Hyderabad","Youth for Action , Plot No.23, Seetharamnagar colony, Near Diamond point, Secunderabad-500009","16.381677","77.937526"
"K0332","Chittoor 1"," Vanasthali, Karakambadi(Post), Renigunta (Mandal)","Andhra Pradesh","=""28""","Chittoor","Chittoor","503","http://www.kvkchittoor.org","0877 2240203","0877 2244281","rasskvk@gmail.com","517520","ICAR-ATARI  Zone-X Hyderabad","Rayalseema Seva Samiti , RASS Seva Nilayam, Annamaiah Marg, Tirupati, A.P. Pin Code: 517 502","13.693512","79.589112"
"K0333","Karimnagar 1","Krishi Vigyan Kendra, Jammikunta ,Distt. Karimnagar","Telangana","=""36""","Karimnagar","Karimnagar","508","http://www.kvkkarimnagar.in","08727-253550","NA","kvkkarimnagar@gmail.com","505122","ICAR-ATARI  Zone-X Hyderabad","Gram Nava Nirmal Samiti , Founder Director & Chairman Grama Nava Nirman Samithi (GNNS) H.No.1-2-597/26/A Lower Tank Band Road Domalguda-500029 Hyderabad","18.301601","79.471766"
"K0334","Medak 1","Krishi Vigyan Kendra, PO. Box No. 214, Zaheerabad,Distt. Medak (Sangareddy)","Telangana","=""36""","Medak","Medak","513","http://www.kvkmedak.org/","4027764577","NA","ddskvk@gmail.com","502228","ICAR-ATARI  Zone-X Hyderabad","Deccan Development Society , Society, Pastapur, Zaheerabad, Sangareddy District, Telangana 502220","17.712679","77.612501"
"K0336","Kurnool 1","Krishi Vigyan Kendra,Yagantipalli, PO. BanaganapalliDistt. Kurnool","Andhra Pradesh","=""28""","Kurnool","Kurnool","511","http://kvkkurnool.blogspot.in/","9394444439","NA","pendekantikvk@gmail.com","518124","ICAR-ATARI  Zone-X Hyderabad","Shri Hanumantharaya Educational & Charitable Society , Shri Hanumantharaya Educational and Charitable Society;CS-KVK, Yagantipalle, Kurnool (Dt.) - 518 134 Andhra Pradesh","15.328781","78.187348"
"K0337","Warangal 1","Krishi Vigyan Kendra,Malyal Farm, Mahabubabad mandal, Warangal district","Telangana","=""36""","Warangal","Warangal","522","http://www.pjtsau.org/malyal/aboutus.php","NA","NA","kvk.wgl@gmail.com","506102","ICAR-ATARI  Zone-X Hyderabad","Prof. Jayashankar Telangana State Agricultural Uni , Rajendranagar, Hyderabad,Telangana State","17.561182","79.947957"
"K0338","Srikakulam","Krishi Vigyan Kendra, Amadalavalasa, Srikakulam Dist","Andhra Pradesh","=""28""","Srikakulam","Srikakulam","519","http://www.kvkamadalavalasa-angrau.org/","8942286210","NA","kvk.amadalavalasa@angrau.ac.in","532185","ICAR-ATARI  Zone-X Hyderabad","Acharya NG Ranga Agril. University  , Rajendranagar, Hyderabad","18.382934","83.9438"
"K0339","Vizianagaram","Krishi Vigyan Kendra, PO. Rastakuntabai Dist. Vizianagaram","Andhra Pradesh","=""28""","Vizianagaram","Vizianagaram","521","http://www.kvkrastakuntubai-angrau.org/","9440019058","NA","pckvkrkbai123@gmail.com","532523","ICAR-ATARI  Zone-X Hyderabad","Acharya NG Ranga Agril. University  , Rajendranagar, Hyderabad","18.930638","83.611365"
"K0340","Anantapur 1","Programme Coordinator Krishi Vigyan Kendra,PO. Reddipalli,Bukkarayasumdram Mandal,Distt-Anantapur","Andhra Pradesh","=""28""","Anantapur","Ananthapuramu","502","http://www.kvkreddipalli-angrau.org","NA","NA","kvk.reddipalle@angrau.ac.in","515701","ICAR-ATARI  Zone-X Hyderabad","Acharya NG Ranga Agril. University  , Rajendranagar, Hyderabad","14.695304","77.634948"
"K0341","Nalgonda 1","Krishi Vigyan Kendra, Gaddipally Garedepally Mandal,Distt. Suryapet","Telangana","=""36""","Nalgonda","Nalgonda","514","NA","08683-237443","08683-237563","gaddipally_kvk6@yahoo.co.in","508201","ICAR-ATARI  Zone-X Hyderabad","Aurobindo Institute of Rural Development , Sri Aurobindo Institute of Rural Development, (Post & Village) Gaddipally, Suryapet District - 508201","16.966352","79.716153"
"K0342","Rangareddy","Krishi Vigyan Kendra,CRIDA, Hayathnagar Research Farm, Hayathnagar, Dist. Ranga Reddy, Telangana State","Telangana","=""36""","Rangareddy","Ranga Reddy","518","http://icar-crida.res.in/kvk","040-24200732","040-24531802","kvk.crida@icar.gov.in","501505","ICAR-ATARI  Zone-X Hyderabad","ICAR-Central Research Instituteof Dryland Agricul , Santhosh Nagar, Hyderabad, Andhra Pradesh","17.343511","78.59144"
"K0343","Chittoor 2","Krishi Vigyan Kendra, Kalikiri, Annamayya district ","Andhra Pradesh","=""28""","Chittoor","Chittoor","503","http://www.kvkkalikiri-angrau.org","08586  294024","08586 276117","kvk.kalikiri@angrau.ac.in","517234","ICAR-ATARI  Zone-X Hyderabad","Acharya NG Ranga Agril. University  , Rajendranagar, Hyderabad","13.653319","78.791746"
"K0344","Guntur 1","Krishi Vigyan Kendra,Lam, Guntur","Andhra Pradesh","=""28""","Guntur","Guntur","506","http://www.svvu.edu.in/KvkGuntur.html","NA","0863-2524200","kvkguntur@yahoo.com","522034","ICAR-ATARI  Zone-X Hyderabad","Shri Venkateswara Veterinary University , Administrative Office, Dr. YSR Bhawan Tirupati, Chittoor, Andhra Pradesh ","16.367462","80.436085"
"K0345","Prakasam 2","Krishi Vigyan Kendra at Kandukur, OV Road, MD Puram BO, Nellore District, Andhra Pradesh, India.","Andhra Pradesh","=""28""","Prakasam","Prakasam","517","https://ctri.icar.gov.in/kvkkandukur.php","8598295544","8598223554","ctrikvk.kandukur@icar.gov.in","523101","ICAR-ATARI  Zone-X Hyderabad","ICAR-Central Tobacco Research Institute  , Bhaskar Nagar Rajamundry, East Godavari Andhra Pradesh","15.22252","79.885773"
"K0346","Krishna 2","Krishi Vigyan Kendra At Ghantasala- Village District- Krishna","Andhra Pradesh","=""28""","Krishna","Krishna","510","NA","8671254464","8671254464","kvkgtsl@gmail.com","521133","ICAR-ATARI  Zone-X Hyderabad","Acharya NG Ranga Agril. University  , Rajendranagar, Hyderabad","16.169921","80.943534"
"K0347","Buldana 2","Ajintha Road, Sagwan, Buldhana, DIst Buldhana (Maharashtra) 443 002","Maharashtra","=""27""","Buldana","Buldhana","472","NA","07262-202040","07262-202040","kvkbuldhana@gmail.com","443001","ICAR-ATARI  Zone-VIII Pune","Dr.Punjabrao Deshmukh Krishi Vidyapeeth  , Akola","21.362004","75.902828"
"K0348","Beed 2","K. V. K. Khamgaon, Tq. Georai, Dist. Beed , Maharashtra","Maharashtra","=""27""","Bid","Beed","470","NA","7499355904","NA","kvkmkv@rediffmail.com","431127","ICAR-ATARI  Zone-VIII Pune","Marathwada Krishi Vidyapeeth , Parbhani","18.962473","76.355341"
"K0349","Akola","Krishi Vigyan Kendra,Village Sisa (Udegaon),Taluka & District Akola, Maharashtra","Maharashtra","=""27""","Akola","Akola","467","http://www.kvkakola.org","7038055655","NA","info@kvkakola.org","444104","ICAR-ATARI  Zone-VIII Pune","Rural Development and Research Foundation , Akola, Maharashtra","20.700605","77.037085"
"K0350","Pune 2","Gramonnati Mandal, Krishi Vigyan Kendra, Narayangaon, Tal-Junnar, Dist-Pune","Maharashtra","=""27""","Pune","Pune","490","http://www.kvknarayangaon.org","02132-297018","NA","gmnkvk@rediffmail.com","410504","ICAR-ATARI  Zone-VIII Pune","Gramonnati Mandal, Narayangaon , Pune, Maharashtra","19.098865","73.970867"
"K0351","Satara 2","Krishi Vigyan Kendra Borgaon Satara District, Maharashtra","Maharashtra","=""27""","Satara","Satara","494","kvksatara2.icar.gov.in","02162-295625","02162-295625","kvkborgaon_satara@yahoo.com","415519","ICAR-ATARI  Zone-VIII Pune","Mahatma Phule Krishi Vidyapeeth , Rahuri","17.59863","74.059666"
"K0352","Jalgaon 2","Krishi Vigyan Kendra, Mamaurabad Farm, Jalgaon District, Maharashtra","Maharashtra","=""27""","Jalgaon","Jalgaon","478","http://www.kvkjalgaon.org","NA","NA","kvk.Jalgaon2@icar.gov.in","425001","ICAR-ATARI  Zone-VIII Pune","Mahatma Phule Krishi Vidyapeeth , Rahuri","21.362004","75.902828"
"K0353","Latur","Plot no P-160,Additional MIDC,at post-Gangapur, Harangul(B),Tq. Dist. Latur","Maharashtra","=""27""","Latur","Latur","481","http://www.kvklatur.in","02382-267411","NA","kvklaturms@gmail.com","413531","ICAR-ATARI  Zone-VIII Pune","Manjara Charitable Trust , Latur, Maharashtra","18.380811","76.483421"
"K0354","Yavatmal 1","Krishi Vigyan Kendra,Waghapur Road,PO. & Distt. Yavatmal","Maharashtra","=""27""","Yavatmal","Yavatmal","500","http://www.kvkyavatmal.pdkv.ac.in","07232-248235","07232-248235","pckvkytl@yahoo.co.in","445001","ICAR-ATARI  Zone-VIII Pune","Dr.Punjabrao Deshmukh Krishi Vidyapeeth  , Akola","20.399468","78.11679"
"K0355","Gondia","Krishi Vigyan Kendra,Hiwara, Post Ratnara,Distt. Gondia","Maharashtra","=""27""","Gondiya","Gondia","476","NA","07182-280180","NA","kvk_gondia@rediffmail.com","441614","ICAR-ATARI  Zone-VIII Pune","Dr.Punjabrao Deshmukh Krishi Vidyapeeth  , Akola","21.491671","80.159984"
"K0356","Gadchiroli","Krishi Vigyan Kendra,Mul Road, ITI Square, Sonapur Complex, Gadchiroli ,Dist. Gadchiroli","Maharashtra","=""27""","Gadchiroli","Gadchiroli","475","http://kvksonapur.pdkv.ac.in","07132-223017","NA","kvksonapur@gmail.com","442605","ICAR-ATARI  Zone-VIII Pune","Dr.Punjabrao Deshmukh Krishi Vidyapeeth  , Akola","19.898128","79.87762"
"K0357","Osmanabad","Krishi Vigyan Kendra, Ausa Road, PO.Tuljapur Dist. Osmanabad","Maharashtra","=""27""","Osmanabad","Dharashiv","488","NA","02471-295548","NA","kvktuljapur@gmail.com","413601","ICAR-ATARI  Zone-VIII Pune","Marathwada Krishi Vidyapeeth , Parbhani","18.01031","76.088319"
"K0358","Raigarh","Krishi Vigyan Kendra,At. Killa, PO. Dhatav, Tal.Roha, Distt. Raigarh","Maharashtra","=""27""","Raigarh","Raigad","491","http://www.kvkraigad.org/","02194-203108","NA","kvk_roha@rediffmail.com","402116","ICAR-ATARI  Zone-VIII Pune","Dr. Bala Saheb Sawant Konkan Krishi Vidyapeeth , Dapoli","18.438488","73.115588"
"K0359","Bhandara","Krishi Vigyan Kendra,PO. Sakoli,Distt. Bhandara","Maharashtra","=""27""","Bhandara","Bhandara","471","http://kvksakoli.pdkv.ac.in","07186-295018","NA","kvkbhandara@gmail.com","441802","ICAR-ATARI  Zone-VIII Pune","Dr.Punjabrao Deshmukh Krishi Vidyapeeth  , Akola","21.06811","79.986225"
"K0360","Hingoli","Krishi Vigyan Kendra,Tondapur, PO. WarangaTal. Kalamnuri,Distt. Hingoli","Maharashtra","=""27""","Hingoli","Hingoli","477","http://kvkhingoli.org ","9765390976","NA","kvkhingoli@gmail.com","431701","ICAR-ATARI  Zone-VIII Pune","Sant Namdev Sevabhavi Sanstha , Hingoli, Maharashtra","19.423104","77.401509"
"K0361","Nandurbar","Krishi Vigyan Kendra,At & PO. Kolde,Distt. Nandurbar","Maharashtra","=""27""","Nandurbar","Nandurbar","486","http://www.kvknandurbar.net","02564-299315","NA","kvk_ndb@yahoo.com","425412","ICAR-ATARI  Zone-VIII Pune","Dr. Hedgewar Seva Samiti , Nandurbar, Maharashtra","21.436552","74.280915"
"K0362","Chandrapur","Krishi Vigyan Kendra,PO. Gadmousi, ta. Sindewahi,Distt. Chandrapur","Maharashtra","=""27""","Chandrapur","Chandrapur","473","NA","07178-288737","NA","pckvksindewahi@gmail.com","441222","ICAR-ATARI  Zone-VIII Pune","Dr.Punjabrao Deshmukh Krishi Vidyapeeth  , Akola","20.29059","79.660061"
"K0363","Amravati 1","Near Tapovaneshwar Temple, Bodna Fata, Chandur Rly Road, Post Pohara TQ and District Amravati   ","Maharashtra","=""27""","Amravati","Amravati","468","http://www.kvkghatkhed.org","7212950342","NA","kvkgamravati@rediffmail.com","444904","ICAR-ATARI  Zone-VIII Pune","Shramsafalya Foundation , Amravati, Maharashtra","20.923814","77.888397"
"K0364","Amravati 2","Krishi Vigyan Kendra,Durgapur (Badnera), Amravati","Maharashtra","=""27""","Amravati","Amravati","468","http://www.kvkdurgapur.in","7212992244","NA","pckvkda2015@gmail.com","444701","ICAR-ATARI  Zone-VIII Pune","Shram Sadhana Trust , Amravati, Maharashtra","20.83916","77.714603"
"K0365","Sindhudurg"," Krishi Vigyan Kendra,PO. Kirlos, Tal. Malvan Distt. Sindhudurg","Maharashtra","=""27""","Sindhudurg","Sindhudurg","495","www.kvksindhudurg.com","NA","NA","kvksin@rediffmail.com","416616","ICAR-ATARI  Zone-VIII Pune","Sindhudurg Zilla Krishi Pratishthan Kirlos , Sindhudurg, Maharashtra","16.245501","73.638864"
"K0366","Nagpur 1","Krishi Vigyan Kendra,Post Box No. 2, Post Shankar Nagar,Distt. Nagpur","Maharashtra","=""27""","Nagpur","Nagpur","484","http://www.kvknagpur.org.in","07103-275536","07103-275529","kvk.Nagpur@icar.gov.in","440010","ICAR-ATARI  Zone-VIII Pune","Central Institute of Cotton Research , Post Box No. 2, Shankarnagar PO Nagpur, Maharashtra ","21.036851","79.056001"
"K0367","Nashik 1","Krishi Vigyan Kendra, Yashwantrao Chavan Maharashtra Open University, Near Gangapur Dam, Gowardhan Area, Nashik – 422 222, Maharashtra","Maharashtra","=""27""","Nashik","Nashik","487","https://www.kvknashik.org/","0253-2230698","0253-2230698","kvknashik@rediffmail.com","422222","ICAR-ATARI  Zone-VIII Pune","Y.C. Maharastra Open University , Dnyanagangotri,Near Gangapur Dam, Nashik","20.021056","73.691711"
"K0368","Parbhani","P. B. No.- 33, Jintur Road, Parbhani","Maharashtra","=""27""","Parbhani","Parbhani","489","http://www.kvkparbhani.org","2452223045","NA","kvkpbn94@yahoo.co.in","431401","ICAR-ATARI  Zone-VIII Pune","Jeevan Jyot Charitable Trust , Parbhani, Maharashtra","19.26061","76.778765"
"K0369","Kolhapur","DYPES, KVK Kolhapur - I","Maharashtra","=""27""","Kolhapur","Kolhapur","480","http://www.kvkkolhapur.com","0230 2479099","0230 2479099","kvkkolhapur@gmail.com","416112","ICAR-ATARI  Zone-VIII Pune","D Y PATIL EDUCATION SOCIETY , Kolhapur, Maharashtra","16.876492","74.260199"
"K0370","Buldana 1"," Krishi Vigyan Kendra, PO. Jalgaon, Jamod,Distt. Buldana (M.S.)","Maharashtra","=""27""","Buldana","Buldhana","472","http://www.kvkbuldana.com","07266-221620","07266-221620","kvkbuldana@gmail.com","443402","ICAR-ATARI  Zone-VIII Pune","Satpuda Education Society , Buldhana, Maharashtra","21.049181","76.550783"
"K0371","Nanded 1","Krishi Vigyan Kendra, At.Pokharni Phata Purana Road,PO. Limbgaon, Tal & Dist. Nanded","Maharashtra","=""27""","Nanded","Nanded","485","http://www.kvknanded.com","8975899504","NA","kvk_nanded@yahoo.co.in","431602","ICAR-ATARI  Zone-VIII Pune","Jawaharlal Nehru Institute of Education Science and Technological Trust , Nanded, Maharashtra","19.184166","77.222053"
"K0372","Solapur 1","Krishi Vigyan Kendra,Gat No: 22/1/B, Solapur-Barshi Road,At: Khed, PO. Kegaon, Tal: North Solapur,,Distt. Solapur. ","Maharashtra","=""27""","Solapur","Solapur","496","http://www.kvksolapur.org","0217-2990563, 0217-2990564","NA","kvksolapur@gmail.com","413255","ICAR-ATARI  Zone-VIII Pune","Shabari Krishi Pratishthan , Solapur, Maharashtra","17.73168","75.879709"
"K0373","Washim","Krishi Vigyan Kendra, Karda, PO. Risod, Loni Road, Distt. Washim","Maharashtra","=""27""","Washim","Washim","499","http://www.kvkwashim.com","07251-229513","07251-222462","kvk.washim@yahoo.com","444506","ICAR-ATARI  Zone-VIII Pune","Suvide Foundation , Washim, Maharashtra","20.038509","76.773972"
"K0374","Beed 1","Krishi Vigyan Kendra,Post Box No. 28, Ambajogai, Dist. Beed","Maharashtra","=""27""","Bid","Beed","470","http://www.drikvkbeed.org","02446-258557","02446-258557","kvkbeed@rediffmail.com","431517","ICAR-ATARI  Zone-VIII Pune","Deen Dayal Research Institute , Krishi Vigyan Kendra, Majhgawan (Satna) MP-485331","18.689486","76.292059"
"K0375","Satara 1","Krishi Vigyan Kendra,PO. Kalawade, Tal. Karad,Dist. Satara. KVK Website- kvkkarad.com","Maharashtra","=""27""","Satara","Satara","494","kvkkarad.com","NA","02164-288070","pckvkkarad@gmail.com","415539","ICAR-ATARI  Zone-VIII Pune","Kalyani Gorakshan Trust , Pune, Maharashtra","17.173062","74.153917"
"K0376","Pune 1","At Post Malegaon Khurd Tal.Baramati,Dist. Pune","Maharashtra","=""27""","Pune","Pune","490","http://www.kvkbaramati.com","02112-255227/255327","02112-255327","kvkbmt@yahoo.com","413115","ICAR-ATARI  Zone-VIII Pune","Agricultural Development Trust , Pune, Maharashtra","18.143896","74.529862"
"K0377","Ahmadnagar 1"," Krishi Vigyan Kendra,PO Babhleshwar,Tal. Rahata.Distt. Ahmednagar","Maharashtra","=""27""","Ahmadnagar","Ahilyanagar","466","http://www.kvk.pravara.com","02422-252414","02422-253536","kvkahmednagar@yahoo.com","413737","ICAR-ATARI  Zone-VIII Pune","Pravara Institute of Research and Education in Natural and Social Sciences , Ahamednagar, Maharashtra","19.606944","74.507322"
"K0378","Sangli 1","Krishi Vigyan Kendra,PO. Kanchanpur,Tal. Miraj, Distt. Sangli","Maharashtra","=""27""","Sangli","Sangli","493","http://www.kvksangli.org","NA","NA","kvksangli@rediffmail.com","416306","ICAR-ATARI  Zone-VIII Pune","Vasant-Prakash Vikas Pratishthan , Sangli, Maharashtra","16.920801","74.672569"
"K0379","Jalna","Krishi Vigyan Kendra,Post Box No. 45,Kharpudi,Jalna","Maharashtra","=""27""","Jalna","Jalna","479","http://kvkjalna.org.in/","02482-235586","02482-237326","pckvkjalna@gmail.com","431203","ICAR-ATARI  Zone-VIII Pune","Marathwada Sheti Sahhaya Mandal , Jalna, Maharashtra","19.825339","75.937844"
"K0380","Jalgaon 1","Krishi Vigyan Kendra, PO. Pal, Tal. Raver, Distt. Jalgaon","Maharashtra","=""27""","Jalgaon","Jalgaon","478","kvkpal.in","02584-288525","02584-288439","kvkpal@gmail.com","425504","ICAR-ATARI  Zone-VIII Pune","Satpuda Vikas Mandal , Jalgaon, Maharashtra","21.041155","75.569911"
"K0381","Aurangabad MH 1","Krishi Vigyan Kendra,Paithan Road,Distt. Aurangabad","Maharashtra","=""27""","Aurangabad","Chhatrapati Sambhajinagar","469","http://www.vnmkvkvkaurangabad.org","0240-2376558","0240-2376558","pckvkvnmkv@gmail.com","431010","ICAR-ATARI  Zone-VIII Pune","Marathwada Krishi Vidyapeeth , Parbhani","19.847803","75.2967"
"K0382","Ratnagiri","Krishi Vigyan Kendra,At Post Deodhe Tal Lanja,Dist. Ratnagiri","Maharashtra","=""27""","Ratnagiri","Ratnagiri","492","http://www.kvkratnagiri.org","02351-230361","02351-230361","kvkratnagiri@rediffmail.com","416712","ICAR-ATARI  Zone-VIII Pune","Dr. Bala Saheb Sawant Konkan Krishi Vidyapeeth , Dapoli","16.856419","73.542498"
"K0383","Dhule","Krishi Vigyan Kendra,Parola Chaufuli ,NH3,Distt. Dhule","Maharashtra","=""27""","Dhule","Dhule","474","http://www.kvkdhule.org","2562299165","NA","pckvkdhule@gmail.com","424004","ICAR-ATARI  Zone-VIII Pune","Mahatma Phule Krishi Vidyapeeth , Rahuri","20.900188","74.798802"
"K0384","Wardha","Krishi Vigyan Kendra,PO. Selsura,Distt. Wardha","Maharashtra","=""27""","Wardha","Wardha","498","NA","0124-2764907","NA","kvk.wardha@gmail.com","422001","ICAR-ATARI  Zone-VIII Pune","Dr.Punjabrao Deshmukh Krishi Vidyapeeth  , Akola","20.666641","78.520766"
"K0385","Thane 1","Krishi Vigyan Kendra,PO. Kosbad Hill,Distt. Thane","Maharashtra","=""27""","Thane","Thane","497","http://kvkthane.co.in","02528-241439","02528-241439","kvkkosbad439@gmail.com","401703","ICAR-ATARI  Zone-VIII Pune","Gokhale Educational Society , Shivashakti Bunglow Kulkarni Colony, Sharanpur Road Nashik (KVK - Thane)","19.218327","72.978078"
"K0386","Nashik 2","Krishi Vigyan Kendra, At Vadel, Taluka –Malegaon, Distt.-Nashik (Maharashtra)","Maharashtra","=""27""","Nashik","Nashik","487","http://www.kvkmalegaon.org","9420477497","NA","kvkmalegaon@gmail.com","423206","ICAR-ATARI  Zone-VIII Pune","Richfield Agro e-Research & Development Centre , Nashik, Maharashtra","20.639367","74.457122"
"K0387","Solapur 2","Krishi Vigyan Kendra, Mohol, Solapur - Pune Highway, Tal. Mohol, Dist.- Solapur (M. S.) - 413 213","Maharashtra","=""27""","Solapur","Solapur","496","http://www.mpkvkvkmohol.org","02189-233001","NA","kvkmohol.mpkv@gov.in","413213","ICAR-ATARI  Zone-VIII Pune","Mahatma Phule Krishi Vidyapeeth , Rahuri","17.815962","75.635888"
"K0388","Aurangabad MH 2","Gut No. 279, At Gandheli, Post - Adgaon, Tq. & Dist.- Aurangabad ","Maharashtra","=""27""","Aurangabad","Chhatrapati Sambhajinagar","469","https://www.mgmkvk.com/","0240-6482000","NA","mgmkvk@gmail.com","431007","ICAR-ATARI  Zone-VIII Pune","Mahatma Gandhi Mission , Aurangabad, Maharashtra","19.847803","75.2967"
"K0389","Nanded 2","SSM, Krishi Vigyan Kendra Village- Sagroli, Taluka- Biloli Dist.-Nanded (Maharashtra) - 431731","Maharashtra","=""27""","Nanded","Nanded","485","http://www.kvksagroli.co.in","02465-227757","02465-227848","kvksagroli@gmail.com","431731","ICAR-ATARI  Zone-VIII Pune","Sanskriti Samvardhan Mandal , Nanded, Maharashtra","18.691989","77.730733"
"K0390","Ahmadnagar 2","Krishi Vigyan Kendra, Dahigaon-Ne, At.Post- Dahigaon-Ne, Taluka- Shevgaon, Dist- Ahamednagar (M.S)","Maharashtra","=""27""","Ahmadnagar","Ahilyanagar","466","http://kvkdahigaon.org/","02429-272030, 272020"," 02427-255528","kvkdahigaon@gmail.com","414502","ICAR-ATARI  Zone-VIII Pune","Shri Marutrao Ghule Patil Shikshan Sanstha , Ahamednagar, Maharashtra","19.606944","74.507322"
"K0391","Ganganagar ","Krishi Vigyan Kendra, Sriganganagar , Jaitsar Road, Padampur, ,Swami Keshwanand Rajasthan Agricultural University Distt. Sriganganagar","Rajasthan","=""8""","Ganganagar ","Ganganagar","100","https://kvksgnr.wordpress.com/about/","1505232929","NA","kvksgnr@gmail.com","335041","ICAR-ATARI  Zone-II Jodhpur","Swami Keshwanand Rajasthan Agricultural University , Bikaner ","29.69976","73.63504"
"K0392","Karauli ","Krishi Vigyan Kendra,Village-AKORASHI,Post-Dhindora,Bayana Road,Hindaun City,Distt. Karauli (Rajasthan)","Rajasthan","=""8""","Karauli ","Karauli","108","http://karauli.kvk2.in/index.html","NA","NA","kvk.hnd.karauli@gmail.com","322230","ICAR-ATARI  Zone-II Jodhpur","Agriculture University , Kota Borkheda Farm, Baran road,Kota ","26.776537","77.072249"
"K0393","Dausa ","Krishi Vigyan Kendra,Khedla Khurd, Lalsot Road,Distt. Dausa ","Rajasthan","=""8""","Dausa ","Dausa","97","http://dausa.kvk2.in/index.html","NA","NA","kvkdausa@gmail.com","303303","ICAR-ATARI  Zone-II Jodhpur","Swami Keshwanand Rajasthan Agricultural University , Bikaner ","26.870811","76.33441"
"K0394","Baran ","Krishi Vigyan Kendra, Station Road, Anta","Rajasthan","=""8""","Baran ","Baran","89","http://www.kvkbaran.org","7457244862","7457244862","kvkanta@gmail.com","325202","ICAR-ATARI  Zone-II Jodhpur","Agriculture University , Kota Borkheda Farm, Baran road,Kota ","25.154895","76.302629"
"K0395","Rajsamand","Krishi Vigyan Kendra, Near R.K. Hospital ,Bhilwara By-Pass Road,Distt. Rajsamand (Rajasthan)","Rajasthan","=""8""","Rajsamand","Rajsamand","112","http://www.mpuat.ac.in","NA","NA","kvkrjsd@yahoo.co.in","313324","ICAR-ATARI  Zone-II Jodhpur","Maharana Pratap University of Agriculture & Techn , Udaipur","25.040747","73.880545"
"K0396","Sawai Madhopur ","Krishi Vigyan Kendra, Karmoda, Distt. Sawai Madhopur","Rajasthan","=""8""","Sawai Madhopur ","Sawai Madhopur","113","http://sawaimadhopur.kvk2.in/","8769887687","NA","kvk.swm@gmail.com","322027","ICAR-ATARI  Zone-II Jodhpur","Agriculture University , Kota Borkheda Farm, Baran road,Kota ","26.069811","76.367028"
"K0397","Ajmer","Krishi Vigyan Kendra,Tabiji Farm, NH No.8,Distt. Ajmer","Rajasthan","=""8""","Ajmer","Ajmer","86","http://ajmer.kvk2.in/index.html","0145-2970139","NA","kvkajmer@gmail.com","305206","ICAR-ATARI  Zone-II Jodhpur","Swami Keshwanand Rajasthan Agricultural University , Bikaner ","26.373938","74.600809"
"K0398","Dhaulpur","Krishi Vigyan Kendra, RIICO Industrial Area, Ondela Road, Dholpur","Rajasthan","=""8""","Dhaulpur","Dholpur","98","http://dholpur.kvk2.in/","05642-240457","NA","pc.kvk.dholpur@sknau.ac.in","328001","ICAR-ATARI  Zone-II Jodhpur","Swami Keshwanand Rajasthan Agricultural University , Bikaner ","26.719316","77.888011"
"K0399","Alwar 1","Krishi Vigyan Kendra, Navgaon, Distt. Alwar","Rajasthan","=""8""","Alwar","Alwar","87","http://alwar1.kvk2.in/","01468-275276","NA","kvknavgaon@gmail.com","301025","ICAR-ATARI  Zone-II Jodhpur","Rajasthan Agricultural University , Beechwal, Bikaner, Rajasthan","27.648146","76.866401"
"K0400","Jaisalmer 1","Krishi Vigyan Kendra,P.Box No.42, CAZRI Area,Distt. Jaisalmer","Rajasthan","=""8""","Jaisalmer","Jaisalmer","103","http://www.raubikaner.org","02992-251359","02992-251359","kvk.jaisalmer@gmail.com","345001","ICAR-ATARI  Zone-II Jodhpur","Swami Keshwanand Rajasthan Agricultural University , Bikaner ","26.922089","70.968761"
"K0401","Nagaur 1","Krishi Vigyan Kendra,PO. No. 36, Athiyasan,Distt. Nagaur","Rajasthan","=""8""","Nagaur","Nagaur","110","http://nagaur1.kvk2.in/","9462056423","9462056423","nagaurkvk@gmail.com","341001","ICAR-ATARI  Zone-II Jodhpur","Swami Keshwanand Rajasthan Agricultural University , Bikaner ","27.169532","73.782914"
"K0402","Dungarpur ","Krishi Vigyan Kendra, Faloj, Distt. Dungarpur","Rajasthan","=""8""","Dungarpur ","Dungarpur","99","NA","02964-265748","NA","pcdungarpur@gmail.com","314001","ICAR-ATARI  Zone-II Jodhpur","Maharana Pratap University of Agriculture & Techn , Udaipur","23.841332","73.720188"
"K0403","Chittorgarh ","Krishi Vigyan Kendra,Rithola,Distt. Chittorgarh","Rajasthan","=""8""","Chittaurgarh ","Chittorgarh","95","http://chittorgarh.kvk2.in/index.html","01472-235448","NA","pckvkchittorgarh@gmail.com","312001","ICAR-ATARI  Zone-II Jodhpur","Central Arid Zone Reserch Insttitute(ICAR) , Jodhpur-(Rajasthan)","24.840931","74.586742"
"K0404","Kota ","Krishi Vigyan Kendra,PO. Borkhera Baran Road,Distt. Kota","Rajasthan","=""8""","Kota ","Kota","109","http://www.kvkkota.com","0744-2326726","0744-2326726","kvkborkherakota@gmail.com","324001","ICAR-ATARI  Zone-II Jodhpur","Agriculture University , Kota Borkheda Farm, Baran road,Kota ","25.182341","75.886083"
"K0405","Bundi ","Krishi Vigyan Kendra, P.Box - No.4, Nainwa Road, District Bundi","Rajasthan","=""8""","Bundi ","Bundi","94","http://bundi.kvk2.in/","0747-","NA","kvkbundi@aukota.org","323001","ICAR-ATARI  Zone-II Jodhpur","Agriculture University , Kota Borkheda Farm, Baran road,Kota ","25.438461","75.652015"
"K0406","Jhalawar","P. B. No. 16, N.H.-52, Opposite Housing Board, Kota road, Jhalawar","Rajasthan","=""8""","Jhalawar","Jhalawar","105","http://jhalawar.kvk2.in/","07432-294404","NA","kvkjhalawar@aukota.org","326001","ICAR-ATARI  Zone-II Jodhpur","Agriculture University , Kota Borkheda Farm, Baran road,Kota ","24.59378","76.144152"
"K0407","Bhilwara 1","Krishi Vigyan Kendra,P.Box No.56Distt. Bhilwara ","Rajasthan","=""8""","Bhilwara","Bhilwara","92","http://bhilwara.kvk2.in/","1482297173","NA","kvkbhilwara@rediffmail.com","311001","ICAR-ATARI  Zone-II Jodhpur","Maharana Pratap University of Agriculture & Techn , Udaipur","25.352672","74.702401"
"K0408","Pali 1","Krishi Vigyan Kendra,CAZRI (ICAR), Jodhpur Road","Rajasthan","=""8""","Pali ","Pali","111","http://cazrikvkpali.org.in/","2932256771","2932256771","cazrikvkpali@gmail.com","306401","ICAR-ATARI  Zone-II Jodhpur","ICAR CAZRI , Light Industrial Area Jodhpur , Rajasthan","25.801236","73.290921"
"K0409","Tonk ","Krishi Vigyan Kendra, District - Tonk","Rajasthan","=""8""","Tonk ","Tonk","116","http://tonk.kvk2.in/","01438-228333","01438-222365","kvktonk@gmail.com","304022","ICAR-ATARI  Zone-II Jodhpur","Banasthali Vidya Pith , PO. BanasthaliTonk","26.165557","75.761782"
"K0410","Jaipur 1 ","Krishi Vigyan Kendra, VPO- Tankarda, Chomu, Distt. Jaipur (Rajasthan)","Rajasthan","=""8""","Jaipur ","Jaipur","102","http://jaipur1.kvk2.in/","01423 235133","01423 235133","kvkchomu@gmail.com","303702","ICAR-ATARI  Zone-II Jodhpur","Pragati Trust, Jaipur , Pragati Trust, Chomu, Japiur-303 702","27.174837","75.682471"
"K0411","Churu 1","Krishi Vigyan Kendra, GVM, Sardarshahar","Rajasthan","=""8""","Churu ","Churu","96","www.churu1.kvk2.in","1564221624","NA","kvkchuru@gmail.com","331403","ICAR-ATARI  Zone-II Jodhpur","Ghandi Vidya Mandir , Sardar Shahar, Churu ","28.449651","74.509804"
"K0412","Barmer 1","Krishi Vigyan Kendra Barmer - I, Village - Danta, post - Marudi, Distt. Barmer","Rajasthan","=""8""","Barmer ","Barmer","90","http://www.barmer1.kvk2.in","NA","NA","kvkbarmer@yahoo.com","344001","ICAR-ATARI  Zone-II Jodhpur","Society for Upliftment of Rural Economy , Society for Upliftment of Rural Economy, Barmer- 334 001","25.731678","71.288472"
"K0413","Jhunjhunu","Krishi Vigyan Kendra,Abusar, P.Box No.15,Distt. Jhunjhunu","Rajasthan","=""8""","Jhunjhunun","Jhunjhunu","106","http://jhunjhunu.kvk2.in/","1592233420","NA","kvkabusar@gmail.com","333001","ICAR-ATARI  Zone-II Jodhpur","Swami Keshwanand Rajasthan Agricultural University , Bikaner ","28.098534","75.340649"
"K0414","Sirohi","Krishi Vigyan Kendra,P.Box No.15,Distt. Sirohi","Rajasthan","=""8""","Sirohi","Sirohi","115","http://sirohi.kvk2.in/","02972-293230","NA","pckvksirohi@yahoo.com","307001","ICAR-ATARI  Zone-II Jodhpur","Maharana Pratap University of Agriculture & Techn , Udaipur","24.951703","72.879666"
"K0415","Hanumangarh 1","Krishi Vigyan Kendra, Sangaria, Distt. Hanumangarh","Rajasthan","=""8""","Hanumangarh ","Hanumangarh","101","http://www.kvksangaria.org, Hanumangarh1.kvk2.in","01499-252702","01499-252702","kvksangariahmh@gmail.com","335063","ICAR-ATARI  Zone-II Jodhpur","Gramothan Vidya Peeth , GramothanVidyaPeeth, Sangaria, Hanumangaarh -335 065","29.791721","74.461666"
"K0416","Bharatpur ","Krishi Vigyan Kendra, Kumher, Distt. Bharatpur (Rajasthan)","Rajasthan","=""8""","Bharatpur ","Bharatpur","91","http://bharatpur.kvk2.in/","NA","NA","pc.kvk.kumher@sknau.ac.in","321001","ICAR-ATARI  Zone-II Jodhpur","Rajasthan Agricultural University , Beechwal, Bikaner, Rajasthan","27.344145","77.372276"
"K0417","Jalore 1","Krishi Vigyan Kendra,Keshwana,Distt. Jalore","Rajasthan","=""8""","Jalor","Jalore","104","http://jalore.kvk2.in/","NA","NA","kvkjlr@gmail.com","343001","ICAR-ATARI  Zone-II Jodhpur","Swami Keshwanand Rajasthan Agricultural University , Bikaner ","25.369224","72.496616"
"K0418","Bikaner 1","Krishi Vigyan Kendra,Beechwal,Distt. Bikaner","Rajasthan","=""8""","Bikaner","Bikaner","93","NA","0151 2250944","NA","kvkbikaner@gmail.com","334006","ICAR-ATARI  Zone-II Jodhpur","Rajasthan Agricultural University , Beechwal, Bikaner, Rajasthan","28.087021","73.351961"
"K0419","Banswara","Krishi Vigyan Kendra, Borwat Farm, Dahod Road,","Rajasthan","=""8""","Banswara ","Banswara","88","http://www.mpuat.ac.in","NA","02962-260069","kvkbanswara3@gmail.com","327001","ICAR-ATARI  Zone-II Jodhpur","Maharana Pratap University of Agriculture & Techn , Udaipur","26.401422","75.872161"
"K0420","Jodhpur 1","Krishi Vigyan Kendra, ICAR-CAZRI Campus, Jodhpur, Rajasthan-342005","Rajasthan","=""8""","Jodhpur","Jodhpur","107","http://jodhpur1.kvk2.in","0291-2741907","NA","kvk.jodhpur1@icar.gov.in","342005","ICAR-ATARI  Zone-II Jodhpur","ICAR CAZRI , Light Industrial Area Jodhpur , Rajasthan","26.242","73.0087"
"K0421","Udaipur 1","Krishi Vigyan Kendra,Badgaon,Distt. Udaipur","Rajasthan","=""8""","Udaipur","Udaipur","117","http://www.vbkvk.org","0294-2450800","0294-2450800","vbkvk@yahoo.com","313001","ICAR-ATARI  Zone-II Jodhpur","Vidya Bhawan Society , Vidya Bhawan Society, badgaon, Udaipur- 313 001","24.62791","73.682722"
"K0422","Sikar 1","Krishi Vigyan Kendra, Fatehpur Shekhawati, Distt. Sikar","Rajasthan","=""8""","Sikar","Sikar","114","http://kvk.sikar@icar.gov.in /","01571-222062","01571-222062","bkvkftr@gmail.com","332301","ICAR-ATARI  Zone-II Jodhpur","Swami Keshwanand Rajasthan Agricultural University , Bikaner ","27.935844","74.980886"
"K0423","Alwar 2","Krishi Vigyan Kendra Vill. -Gunta, Tehsil -Bansur,Alwar District","Rajasthan","=""8""","Alwar","Alwar","87","http://alwar2.kvk2.in/","NA","NA","kvkbansur@gmail.com","301402","ICAR-ATARI  Zone-II Jodhpur","ICAR Directorate of Rapeseed Mustard Research  , Sewar, Bharatpur, Rajasthan","27.75339","76.357874"
"K0424","Nagaur 2","Krishi Vigyan Kendra, Vill.- Maulasar, Tehsil-Didwana,Distt. Nagaur","Rajasthan","=""8""","Nagaur","Nagaur","110","http://nagaur2.kvk2.in/","01580-240096","NA","kvkmaulasar@gmail.com","341506","ICAR-ATARI  Zone-II Jodhpur","Swami Keshwanand Rajasthan Agricultural University , Bikaner ","27.311475","74.75492"
"K0425","Jaipur 2 ","Krishi Vigyan Kendra V.P.- Gonera, Teh-. Kotputli, Distt –(Jaipur-II)","Rajasthan","=""8""","Jaipur ","Jaipur","102","http://jaipur2.kvk2.in/","NA","NA","kvkkotputli@gmail.com","303108","ICAR-ATARI  Zone-II Jodhpur","Shri Karan Narendra Agriculture University , Jobner, Jaipur, Rajasthan","27.705286","76.201321"
"K0426","Churu 2","Krishi Vigyan KendraVill. Thirpali Choti, Chandgothi,Distt. Churu","Rajasthan","=""8""","Churu ","Churu","96","http://churu2.kvk2.in/","1559227227","1559227227","kvkchuru2@gmail.com","331305","ICAR-ATARI  Zone-II Jodhpur","Swami Keshwanand Rajasthan Agricultural University , Bikaner ","28.421071","75.526831"
"K0427","Jodhpur 2","Krishi Vigyan Kendra, Mohara Village Road, Near Mehrangarh Stadium, Phalodi, Distt. – Jodhpur","Rajasthan","=""8""","Jodhpur","Jodhpur","107","http://jodhpur2.kvk2.in/","2925224525","NA","kvkpalodi@gmail.com","342301","ICAR-ATARI  Zone-II Jodhpur","Swami Keshwanand Rajasthan Agricultural University , Bikaner ","27.15127","72.35324"
"K0428","Hanumangarh 2","Krishi Vigyan Kendra, Chak-27 NTR (LRS) Nohar, Hanumangarh","Rajasthan","=""8""","Hanumangarh ","Hanumangarh","101","http://www.rajuvas.org","9982407171","NA","kvknohar@gmail.com","335523","ICAR-ATARI  Zone-II Jodhpur","Rajasthan University of Veterinary & Animal Scien , Bijey Bhawan, Near Deen Dayal Circle, Bikaner, Rajasthan ","29.22","74.8215"
"K0429","Pratapgarh ","Krishi Vigyan Kendra,Village Basad,Distt.- Pratapgarh","Rajasthan","=""8""","Pratapgarh ","Pratapgarh","629","http://pratapgarh.kvk2.in/","1478220054","NA","kvkpratapgarh@yahoo.com","312605","ICAR-ATARI  Zone-II Jodhpur","Maharana Pratap University of Agriculture & Techn , Udaipur","24.024673","74.815241"
"K0430","Barmer 2","Krishi Vigyan Kendra, Village- Guda Malani, Distt. – Barmer","Rajasthan","=""8""","Barmer ","Barmer","90","http://barmer2.kvk2.in/","2983280800","NA","kvkgudamalani@gmail.com","344031","ICAR-ATARI  Zone-II Jodhpur","Central Arid Zone Reserch Insttitute(ICAR) , Jodhpur-(Rajasthan)","25.195432","71.715805"
"K0431","Bikaner 2","Krishi Vigyan Kendra Vill.- Lunkaransar, Distt.-Bikaner","Rajasthan","=""8""","Bikaner","Bikaner","93","http://bikaner2.kvk2.in/index.html","9413123126","0151-2251122","kvklunkaransar@gmail.com","334603","ICAR-ATARI  Zone-II Jodhpur","Swami Keshwanand Rajasthan Agricultural University , Bikaner ","28.48342","73.737253"
"K0432","Jaisalmer 2","Krishi Vigyan Kendra, Jaisalmer-II, NH-11, Gomat, Pokaran, Jaisalmer, Rajasthan-345021","Rajasthan","=""8""","Jaisalmer","Jaisalmer","103","http://jaisalmer2.kvk2.in","+91 2994 299451","NA","kvkpokaran@gmal.com","345021","ICAR-ATARI  Zone-II Jodhpur","Swami Keshwanand Rajasthan Agricultural University , Bikaner ","26.9205","71.9219"
"K0433","Bhavnagar","Krishi Vigyan Kendra,Village Sanosara,Distt. Bhavnagar","Gujarat","=""24""","Bhavnagar","Bhavnagar","443","http://www.lokbharti.org/Krishi-Vigyan-Kendra","02846-283777","02846-283999","kvkbhavnagar@gmail.com","364230","ICAR-ATARI  Zone-VIII Pune","Lokbharati Gramvidyapith , Bhavnagar, Gujrat","21.720862","71.763014"
"K0434","Junagadh","Krishi Vigyan Kendra, At - Ambujanagar, Taluka Kodinar, Distt. Gir Somnath","Gujarat","=""24""","Junagadh","Junagadh","448","http://girsomnath.kvk8.in","02795-232363","02795-232363","kvk.girsomnath@gmail.com","362720","ICAR-ATARI  Zone-VIII Pune","Ambuja Cement Foundation , New Delhi","20.82985","70.681995"
"K0435","Navsari  ","Krishi Vigyan Kendra, NavsariNAU Campus,Distt. Navsari","Gujarat","=""24""","Navsari  ","Navsari","453","www.nau.in","02637-282008","02637-282009","kvknavsari@nau.in","396450","ICAR-ATARI  Zone-VIII Pune","Navsari Agricultural University  , Navsari, Gujarat","20.930382","72.91253"
"K0436","Narmada","Krishi Vigyan Kendra, Navsari Agricultural University, At. Po. Dediapada, Distt. Narmada","Gujarat","=""24""","Narmada","Narmada","452","http://narmada.kvk6.in/ #, http://mkisan.gov.in/advs/home .aspx #, https://kvk.icar.gov.in/HomeAfterlogin.aspx","02649-234501","NA","kvkdediapada@nau.in","393040","ICAR-ATARI  Zone-VIII Pune","Navsari Agricultural University  , Navsari, Gujarat","21.701875","72.991105"
"K0437","Surendranagar","Krishi Vigyan Kendra,Nana Kandhasar, Ta.-Chotila,Dist. Surendranagar","Gujarat","=""24""","Surendranagar","Surendranagar","460","NA","02751-294120","NA","surendranagar.kvk@gmail.com","363520","ICAR-ATARI  Zone-VIII Pune","Junagarh Agricultural University , Junagarh, Gujarat","22.423233","71.196822"
"K0438","Kheda","Krishi Vigyan Kendra, Kheda, At & Po. Dethali, Block-Matar","Gujarat","=""24""","Kheda","Kheda","450","http://gvkvkkheda.org","2694291252","NA","kvkkheda@gmail.com","387210","ICAR-ATARI  Zone-VIII Pune","Gujarat Vidya Pith , Ashram Road,Near Income Tax Office,Ahmedabad","22.708474","72.663897"
"K0439","Panchmahal","Krishi Vigyan Kendra, Panchmahal (CIAH)Vejalpur (Godhra)Distt. Panchmahal","Gujarat","=""24""","Panch Mahals","Panch Mahals","454","http://kvkpanchmahals.webs.com","02676 34820","02676 34820","kvkpanchmahal@gmail.com","389340","ICAR-ATARI  Zone-VIII Pune","ICAR Central Institute of Arid Horticulture , Shriganganagar Road,NH - 15, Beechwal Bikaner,Rajasthan","22.67859","73.551285"
"K0440","Mehsana","Krishi Vigyan Kendra,Ganpat Vidyanagar,Kherva,Distt. Mehsana","Gujarat","=""24""","Mahesana","Mahesana","451","http://www.kvkmehsana.org","7778033471","NA","kvkmehsana@gmail.com","384012","ICAR-ATARI  Zone-VIII Pune","Mehsana District Education Foundation , Mehsana, Gujrat","23.522521","72.457803"
"K0441","Sabarkantha","Krishi Vigyan Kendra, S. D. Agricultural University, Khedbrahma, - 383255, Dist. Sabarkantha (Gujarat)","Gujarat","=""24""","Sabar Kantha","Sabar Kantha","458","NA","02775-222933","02775-222933","kvkkhed@sdau.edu.in","383255","ICAR-ATARI  Zone-VIII Pune","Sardar Krushi Nagar Dantiwara Agricultural Univer , S.K Nagar Dantiwara, Gujarat ","24.028984","73.038022"
"K0442","Ahmedabad","Krishi Vigyan Kendra, Arnej. Ta-Dholka, Dist. Ahmedabad","Gujarat","=""24""","Ahmadabad","Ahmedabad","438","NA","02714-294445","NA","kvkarnej@yahoo.com","382230","ICAR-ATARI  Zone-VIII Pune","Anand Agricultural University , Anand, Gujarat","22.583008","72.268062"
"K0443","Tapi","Krishi Vigyan Kendra,Bhenskatri Road, Panvadi, Vyara,Dist.Tapi","Gujarat","=""24""","Tapi","Tapi","641","https://tapi.kvk6.in","02626-221869","NA","kvkvyara@nau.in","394650","ICAR-ATARI  Zone-VIII Pune","Navsari Agricultural University  , Navsari, Gujarat","21.097205","73.392328"
"K0444","Amreli","Krishi Vigyan Kendra,Agril. Research Farm,Keria Road,Distt. Amreli","Gujarat","=""24""","Amreli","Amreli","439","http://www.jau.in/index.php?option=com_content&view=article&id=56&Itemid=69","02792-227122","NA","kvkamreli@gmail.com","365601","ICAR-ATARI  Zone-VIII Pune","Junagarh Agricultural University , Junagarh, Gujarat","21.601208","71.228468"
"K0445","Rajkot 1","Krishi Vigyan Kendra,Junagadh Agricultural University, Targhadia,Distt. Rajkot","Gujarat","=""24""","Rajkot","Rajkot","457","http://www.jau.in/index.php/extension-40/krishi-vigyan-kendras-kvks/targhadia-rajkot","0281-2784170","2812784170","kvkrajkot@gmail.com","360023","ICAR-ATARI  Zone-VIII Pune","Junagarh Agricultural University , Junagarh, Gujarat","22.326936","70.916863"
"K0446","Jamnagar","Krishi Vigyan Kendra,Air Force Road,Distt. Jamnagar","Gujarat","=""24""","Jamnagar","Jamnagar","447","http://www.jau.in","0288-2710165","0288-2710165","kvkjamnagar@gmail.com","361006","ICAR-ATARI  Zone-VIII Pune","Junagarh Agricultural University , Junagarh, Gujarat","22.469986","70.035535"
"K0447","Porbandar "," Krishi Vigyan Kendra,Khapat,Distt. Porbandar","Gujarat","=""24""","Porbandar ","Porbandar","456","http://www.jau.in/index.php?option=com_content&view=article&id=55&Itemid=68","9408903062","NA","kvk_khapat@yahoo.co.in","360579","ICAR-ATARI  Zone-VIII Pune","Junagarh Agricultural University , Junagarh, Gujarat","21.66893","69.625291"
"K0448","Bharuch","Krishi Vigyan Kendra, At. Po-Chaswad, Ta.Netrang,Dist. Bharuch","Gujarat","=""24""","Bharuch","Bharuch","442","http://bharuch.kvk6.in","02643-285039","NA","kvkbharuch@yahoo.in","393130","ICAR-ATARI  Zone-VIII Pune","Bhartiya Agro Industries Foundation , Baroda, Gujrat","21.641915","73.359951"
"K0449","Vadodara","Krishi Vigyan Kendra, At. & Po Golagamdi, Ta. Sankheda, Dist. Vadodara-Chhotaudepur","Gujarat","=""24""","Vadodara","Vadodara","461","http://www.kvkvadodara.org ","8141150500","8141150500","kvkvdr@gmail.com","391125","ICAR-ATARI  Zone-VIII Pune","Mangal Bharti Bahadurpur , Baroda, Gujrat","22.308501","73.44754"
"K0450","Valsad","Krishi Vigyan Kendra,AMBHETI,Ta. Kaparada,Distt. Valsad","Gujarat","=""24""","Valsad","Valsad","462","http://www.kvkvalsad.org","NA","NA","kvkvalsad@gmail.com","396191","ICAR-ATARI  Zone-VIII Pune","Gujarat Vidya Pith , Ashram Road,Near Income Tax Office,Ahmedabad","20.389315","72.91062"
"K0451","Patan  ","Krishi Vigyan Kendra,Samoda, Ganwada Tal. Sidhpur,Distt. Patan","Gujarat","=""24""","Patan  ","Patan","455","www.kvkpatan.in","02767-285528","NA","kvksamoda@yahoo.com","384130","ICAR-ATARI  Zone-VIII Pune","Sarswati Gram Vidyapeeth Samoda , Samoda, Gujrat","23.913456","72.44518"
"K0452","Kutch 1","Krishi Vigyan Kendra,Village Sadau, Ta. Mundra, Dist. Kutch (Guj)","Gujarat","=""24""","Kachchh","Kachchh","449","http://www.kvkrardskutch.org","283822384","NA","kvkkutch@gmail.com","370421","ICAR-ATARI  Zone-VIII Pune","Rural Agro. Research & Development Society , Mumbai, Maharashtra","22.863147","69.742196"
"K0453","Anand  ","Krishi Vigyan Kendra,Devataj, Ta.Sojitra, Distt. Anand","Gujarat","=""24""","Anand  ","Anand","440","http://www.aau.in/college-menu/671","2697234027","NA","kvkdevataj@aau.in","387240","ICAR-ATARI  Zone-VIII Pune","Anand Agricultural University , Anand, Gujarat","22.537585","72.701468"
"K0454","The Dangs","Krishi Vigyan Kendra,NAU, Waghai, Distt. Dang","Gujarat","=""24""","The Dangs","Dangs","444","http://www.nau.in","02631-246239","NA","kvkwaghai@nau.in","394730","ICAR-ATARI  Zone-VIII Pune","Navsari Agricultural University  , Navsari, Gujarat","20.777017","73.505297"
"K0455","Gandhinagar","Randheja","Gujarat","=""24""","Gandhinagar","Gandhinagar","446","www.kvkgandhinagar.org","079-23975223, 9426075146","NA","kvkgandhinagar@gmail.com","382620","ICAR-ATARI  Zone-VIII Pune","Gujarat Vidya Pith , Ashram Road,Near Income Tax Office,Ahmedabad","23.282432","72.641682"
"K0456","Banaskantha 1","Krishi Vigyan Kendra, S. D. Agricultural University, Deesa,Distt. Banaskantha-I","Gujarat","=""24""","Banas Kantha","Banas Kantha","441","http://www.sdau.edu.in","02744-220350","NA","kvkdeesa@sdau.edu.in","385535","ICAR-ATARI  Zone-VIII Pune","Sardar Krushi Nagar Dantiwara Agricultural Univer , S.K Nagar Dantiwara, Gujarat ","24.259089","72.191194"
"K0457","Dahod","Krishi Vigyan Kendra, AAU, Dahod, Distt. Dahod","Gujarat","=""24""","Dohad  ","Dahod","445","http://www.aau.in/college-menu/712","02673-245659","02673-245659","kvkdahod@aau.in","389160","ICAR-ATARI  Zone-VIII Pune","Anand Agricultural University , Anand, Gujarat","22.535897","72.97478"
"K0458","Kutch 2","Krishi Vigyan Kendra, ICAR- Central Arid Zone Research Institute, Kukma, Taluka- Bhuj, Dist.- Kachchh (Gujarat)","Gujarat","=""24""","Kachchh","Kachchh","449","http://www.cazri.res.in","02832-271070","02832-271238","kvkbhuj@gmail.com","370105","ICAR-ATARI  Zone-VIII Pune","Central Arid Zone Reserch Insttitute(ICAR) , Jodhpur-(Rajasthan)","23.212833","69.792731"
"K0459","Surat","Near Main Cotton Research Station, Ghoddod Road, Opp. Shalin Apt., Panasgam, Athwa Farm, Surat","Gujarat","=""24""","Surat","Surat","459","https://nau.in//unithome/Krushi%20Vigyan%20Kendra%20Surat","0261- 2655565","2612668045","kvksurat@nau.in","395007","ICAR-ATARI  Zone-VIII Pune","Navsari Agricultural University  , Navsari, Gujarat","21.171765","72.800135"
"K0460","Rajkot 2","Krishi Vigyan Kendra, TCD Farm, Pipalia, Ta. - Dhoraji,Distt. – Rajkot (Gujarat)","Gujarat","=""24""","Rajkot","Rajkot","457","NA","02824-292584","NA","kvkpipalia@jau.in","360410","ICAR-ATARI  Zone-VIII Pune","Junagarh Agricultural University , Junagarh, Gujarat","21.687476","70.389474"
"K0461","Banaskantha 2","Krishi Vigyan Kendra, Tharad Distt. – Banaskantha (Gujarat)","Gujarat","=""24""","Banas Kantha","Banas Kantha","441","http://www.sdau.edu.in/detail/807653/krishi-vigyan-kendra-tharad-banaskantha   ","02748 278436","02748 278436","kvktharadbk2@gmail.com","385565","ICAR-ATARI  Zone-VIII Pune","Sardar Krushi Nagar Dantiwara Agricultural Univer , S.K Nagar Dantiwara, Gujarat ","24.396569","71.625627"
"K0462","Kabirdham","Krishi Vigyan Kendra Newari Farm,Distt. Kawardha (Kabirdham)","Chhattisgarh","=""22""","KABIRDHAM","Kabeerdham","382","http://www.kvkkawardha.org","7741299124","NA","kvkkawardha@yahoo.in","491995","ICAR-ATARI  Zone-IX Jabalpur","Indira Gandhi Krishi Vishwavidyalaya , Raipur (CG) ","22.026822","81.253841"
"K0463","Korea","Krishi Vigyan Kednra, Village- Salka, Post- Mansukh Distt. Korea","Chhattisgarh","=""22""","Koriya","Korea","384","http://kvkkoreaigkv.org/","NA","NA","kvk.korea@igkv.ac.in","497335","ICAR-ATARI  Zone-IX Jabalpur","Indira Gandhi Krishi Vishwavidyalaya , Raipur (CG) ","23.229972","82.461688"
"K0464","Jashpur ","Krishi Vigyan Kendra, NH-43, At Dumerbahar (Pathalgaon),Distt. Jashpur","Chhattisgarh","=""22""","Jashpur ","Jashpur","380","http://www.kvkjashpurcg.in","0124-2764907","NA","kvkjashpur@yahoo.in","496220","ICAR-ATARI  Zone-IX Jabalpur","Indira Gandhi Krishi Vishwavidyalaya , Raipur (CG) ","22.610431","83.659722"
"K0465","Uttar Bastar Kanker","Krishi Vigyan Kendra,Vill. Singarbhata (Indrapratha),Distt. Kanker","Chhattisgarh","=""22""","Uttar Bastar Kanker","Uttar Bastar Kanker","381","http://kvkkanker.org","7868241467","7868241467","kvkkanker@gmail.com","494334","ICAR-ATARI  Zone-IX Jabalpur","Indira Gandhi Krishi Vishwavidyalaya , Raipur (CG) ","20.245025","81.508591"
"K0466","Rajnandgaon","Krishi Vigyan Kendra, Gundardehi Road, Village Surgi, Rajnandgaon","Chhattisgarh","=""22""","Rajnandgaon","Rajnandgaon","388","http://www.kvkrajnandgaoncg.org","07744-291525","NA","kvk.rjn@rediffmail.com","491441","ICAR-ATARI  Zone-IX Jabalpur","Indira Gandhi Krishi Vishwavidyalaya , Raipur (CG) ","21.029693","81.108432"
"K0467","Korba ","Krishi Vigyan Kendra, Lakhanpur, KATGHORA, Distt-Korba","Chhattisgarh","=""22""","Korba ","Korba","383","http://kvkkorbacg.org/","0124-2764907","NA","kvkkorba@yahoo.com","495445","ICAR-ATARI  Zone-IX Jabalpur","Indira Gandhi Krishi Vishwavidyalaya , Raipur (CG) ","22.472468","82.524531"
"K0468","Dakshin Bastar Dantewada","Krishi Vigyan Kendra,Kendriya Vidyalaya,Distt. Dantewada","Chhattisgarh","=""22""","Dakshin Bastar Dantewada","Dakshin Bastar Dantewada","376","http://www.kvkdantewadacg.org/","07856-296308","NA","kvk.dantewada@igkv.ac.in","494441","ICAR-ATARI  Zone-IX Jabalpur","Indira Gandhi Krishi Vishwavidyalaya , Raipur (CG) ","18.703059","81.248644"
"K0469","Baloda Bazar","Krishi Vigyan Kendra Bhatapara, Balodabazar Road,Village- Khapradih, Block- Bhatapara, Distt. Balodabazar-Bhatapara","Chhattisgarh","=""22""","Baloda Bazar","Balodabazar-Bhatapara","644","http://www.kvkbhatapara.org/","07726-223209 and 07726-223210","NA","kvkbhatapara@gmail.com","493118","ICAR-ATARI  Zone-IX Jabalpur","Indira Gandhi Krishi Vishwavidyalaya , Raipur (CG) ","21.728728","81.976548"
"K0470","Janjgir - Champa","Krishi Vigyan Kendra,Near district Panchayat, Janjgir,Distt. Janjgir-Champa","Chhattisgarh","=""22""","Janjgir - Champa","Janjgir-Champa","379","http://www.kvkjanjgir.in","0124-2764907","NA","kvkjanjgir@gmail.com","495668","ICAR-ATARI  Zone-IX Jabalpur","Indira Gandhi Krishi Vishwavidyalaya , Raipur (CG) ","22.002014","82.614843"
"K0471","Raigarh","Krishi Vigyan Kendra,Distt. Raigarh","Chhattisgarh","=""22""","Raigarh","Raigarh","386","http://kvkraigarhcg.org","07762-291119","NA","kvkraigarh@yahoo.com","496001","ICAR-ATARI  Zone-IX Jabalpur","Indira Gandhi Krishi Vishwavidyalaya , Raipur (CG) ","21.898598","83.394705"
"K0472","Dhamtari ","Krishi Vigyan Kendra,Dhamtari Village- Sambalpur, Distt. Dhamtari","Chhattisgarh","=""22""","Dhamtari ","Dhamtari","377","http://www.kvkdhamtaricg.org/","07722-219130","NA","kvkdhamtari@yahoo.com","493773","ICAR-ATARI  Zone-IX Jabalpur","Indira Gandhi Krishi Vishwavidyalaya , Raipur (CG) ","20.74356","81.598556"
"K0473","Mahasamund","Krishi Vigyan Kendra,Village: Bhalesar, P.O.: Kanekera, Distt. Mahasamund","Chhattisgarh","=""22""","Mahasamund","Mahasamund","385","http://www.kvkmahasamundcg.org/","8770799609","NA","kvkmahasamund@gmail.com","493445","ICAR-ATARI  Zone-IX Jabalpur","Indira Gandhi Krishi Vishwavidyalaya , Raipur (CG) ","21.063173","82.08447"
"K0474","Surguja","Krishi Vigyan Kendra Surguja, Vill.- Ajirma , Block-Ambikapur, Dist.-Surguja, C.G.","Chhattisgarh","=""22""","Surguja","Surguja","389","http://www.kvksurgujacg.org","07774-232840","07774-232840","kvksurguja@gmail.com","497001","ICAR-ATARI  Zone-IX Jabalpur","Indira Gandhi Krishi Vishwavidyalaya , Raipur (CG) ","23.149337","83.145127"
"K0475","Durg 1","Krishi Vigyan Kendra,P.Box. No. 6, Anjora,Dist Durg","Chhattisgarh","=""22""","Durg","Durg","378","http://www.kvkdurgcg.org","0788-2623461","NA","kvkanjora@gmail.com","491001","ICAR-ATARI  Zone-IX Jabalpur","Chhattisgarh Kamdhenu Vishwavidyalaya , Raipur","21.166669","81.236418"
"K0476","Bastar","Krishi Vigyan Kendra, Bastar, Chitrakote Road, Kumhrawand, Jagdalpur","Chhattisgarh","=""22""","Bastar","Bastar","374","http://www.kvkbastar.org","07782- 229153","NA","kvk_jagdalpur1@rediffmail.com","494005","ICAR-ATARI  Zone-IX Jabalpur","Indira Gandhi Krishi Vishwavidyalaya , Raipur (CG) ","19.094679","81.964932"
"K0477","Bilaspur CG","Krishi Vigyan Kendra,Sarkanda Farm,Distt. Bilaspur, Pin 495001","Chhattisgarh","=""22""","Bilaspur","Bilaspur","375","http://www.kvkbilaspur.org","775291527","NA","kvk.bilaspur@igkv.ac.in","495001","ICAR-ATARI  Zone-IX Jabalpur","Indira Gandhi Krishi Vishwavidyalaya , Raipur (CG) ","22.079625","82.139141"
"K0478","Balrampur","Krishi Vigyan Kendra Village, Jaber, Balrampur Tehsil,Distt. Balrampur Chhatisgarh","Chhattisgarh","=""22""","Balrampur","Balrampur","127","http://www.kvkbrpcg.in","NA","NA","kvk.balrampur@igkv.ac.in","497119","ICAR-ATARI  Zone-IX Jabalpur","Indira Gandhi Krishi Vishwavidyalaya , Raipur (CG) ","23.612145","83.611139"
"K0479","Narayanpur","Krishi Vigyan Kendra, Near Govt. Agricultural Farm, Kerlapal,Narayanpur,Chhattisgarh","Chhattisgarh","=""22""","Narayanpur","Narayanpur","637","http://www.kvknarayanpur.org","7781200060","7781200060","kvk_narayanpur@rediffmail.com","494661","ICAR-ATARI  Zone-IX Jabalpur","Indira Gandhi Krishi Vishwavidyalaya , Raipur (CG) ","19.739787","81.180266"
"K0480","Gariaband","Krishi Vigyan Kendra, Village – Kokdi, Gariyaband, Block/Distt.: Gariyaband, Chhattisgarh","Chhattisgarh","=""22""","Gariaband","Gariyaband","645","kvkgariyaband.org","NA","NA","kvkgariaband.cg@gmail.com","493889","ICAR-ATARI  Zone-IX Jabalpur","Indira Gandhi Krishi Vishwavidyalaya , Raipur (CG) ","20.624978","82.097904"
"K0481","Bijapur","Krishi Vigyan KendraVill. Panarapura,Distt. – Bijapur","Chhattisgarh","=""22""","Bijapur","Bijapur","636","NA","0124-2764907","NA","kvkbjp@gmail.com","NA","ICAR-ATARI  Zone-IX Jabalpur","Indira Gandhi Krishi Vishwavidyalaya , Raipur (CG) ","18.798744","80.811386"
"K0482","Datia","Krishi Vigyan Kendra,Village Hamirpur,Distt. Datia","Madhya Pradesh","=""23""","Datia","Datia","401","http://www.kvkdatia.com","07522-280084","NA","kvkdatia@gmail.com","475661","ICAR-ATARI  Zone-IX Jabalpur","Rajmata Vijayaraje Scindia Krishi Vishwa Vidyalay , Gwalior","25.664805","78.50335"
"K0483","Ashoknagar","Krishi Vigyan Kendra,Village Aawari,Distt. Ahoknagar","Madhya Pradesh","=""23""","Ashoknagar","Ashoknagar","391","http://www.rvskvv.net","07543-283505","07543-283505","kvk.ashoknagar@rvskvv.net","473331","ICAR-ATARI  Zone-IX Jabalpur","Rajmata Vijayaraje Scindia Krishi Vishwa Vidyalay , Gwalior","24.575202","77.737568"
"K0484","Burhanpur","Krishi Vigyan Kendra,Village Sandas Khurd,Post Mehal Gulara, Tehsil Nepanagar, Distt. Burhanpur","Madhya Pradesh","=""23""","Burhanpur","Burhanpur","397","http://www.kvkburhanpur.com","NA","NA","kvkburhanpur@rediffmail.com","450331","ICAR-ATARI  Zone-IX Jabalpur","Lokmatas Devi Ahilya Bai Holkar Social National Mission , Gram Sandas Kala, Post Mahalgulara, Teh Nepanagar, Dist Burhanpur (MP)","21.352811","76.343081"
"K0485","Neemuch ","Krishi Vigyan Kendra,Malkheda Road,Behind maru Mills,Distt. Neemuch","Madhya Pradesh","=""23""","Neemuch ","Neemuch","419","http://www.kvkneemuchzpdvii.org","07423-200100","07423-200100","kvkneemach@rediffmail.com","458441","ICAR-ATARI  Zone-IX Jabalpur","Rajmata Vijayaraje Scindia Krishi Vishwa Vidyalay , Gwalior","24.461401","74.878015"
"K0486","Mandla","Krishi Vigyan Kendra,Near MPT, Jabalpur Road,Gajipur, Post Office Katra, Distt. Mandla","Madhya Pradesh","=""23""","Mandla","Mandla","415","http://www.kvkmandlajnkvv.nic.in/","07642-260693","NA","kvkmandla@rediffmail.com","481661","ICAR-ATARI  Zone-IX Jabalpur","Jawaharlal Nehru Krishi VishwaVidyalaya, , Jabalpur","22.595679","80.359915"
"K0487","Barwani ","Krishi Vigyan Kendra, Badwani","Madhya Pradesh","=""23""","Barwani ","Barwani","393","http://www.kvkbarwani.org/","07290-226330"," 07290-226330","kvk.badwani@rvskvv.net","451551","ICAR-ATARI  Zone-IX Jabalpur","Rajmata Vijayaraje Scindia Krishi Vishwa Vidyalay , Gwalior","22.169002","75.163489"
"K0488","Umaria","Village Dabroha, Post Kacharwar, Umaria","Madhya Pradesh","=""23""","Umaria","Umaria","436","kvkumariajnkvv.org","NA","NA","kvkumaria@rediffmail.com","484661","ICAR-ATARI  Zone-IX Jabalpur","Jawaharlal Nehru Krishi VishwaVidyalaya, , Jabalpur","23.529205","80.823985"
"K0489","Sheopur ","KRISHI VIGYAN KENDRA BARODA, BARAN ROAD DISTRICT- SHEOPUR M.P.","Madhya Pradesh","=""23""","Sheopur ","Sheopur","431","http://www.kvksheopur.com","NA","NA","kvk.sheopur@rvskvv.net","476339","ICAR-ATARI  Zone-IX Jabalpur","Rajmata Vijayaraje Scindia Krishi Vishwa Vidyalay , Gwalior","25.491219","76.662331"
"K0490","Dewas","Krishi Vigyan Kendra, Balgarh Farm,PO. Balgarh,Distt. Dewas","Madhya Pradesh","=""23""","Dewas","Dewas","402","http://www.rvskvv.net/","07272-259139","NA","kvkdewas@rediffmail.com","455111","ICAR-ATARI  Zone-IX Jabalpur","Rajmata Vijayaraje Scindia Krishi Vishwa Vidyalay , Gwalior","22.945187","76.040331"
"K0491","Katni ","Krishi Vigyan Kendra, Raipura road, Piproudh, District Katni","Madhya Pradesh","=""23""","Katni ","Katni","413","http://jnkvv.org/JNKVV_EXTENSION/EXTENSION_KVK_Index.aspx?CC=2019","07622-268515","07622-268515","kvk_katni2007@rediffmail.com","483442","ICAR-ATARI  Zone-IX Jabalpur","Jawaharlal Nehru Krishi VishwaVidyalaya, , Jabalpur","23.734657","80.316786"
"K0492","Chhatarpur","Krishi Vigyan Kendra,Nowgaon, Pan Reserarch Centre,Distt. Chhatarpur","Madhya Pradesh","=""23""","Chhatarpur","Chhatarpur","398","http://www.kvkchhatarpurzpdvii.org","07685-256541","NA","kvk_chhattarpur@rediffmail.com","471201","ICAR-ATARI  Zone-IX Jabalpur","Jawaharlal Nehru Krishi VishwaVidyalaya, , Jabalpur","25.062334","79.442627"
"K0493","Shivpuri","Krishi Vigyan Kendra,Piparsama Road,Distt. Shivpuri","Madhya Pradesh","=""23""","Shivpuri","Shivpuri","432","http://kvkshivpuri.org/","NA","NA","kvk.shivpuri@rvskvv.net","473551","ICAR-ATARI  Zone-IX Jabalpur","Rajmata Vijayaraje Scindia Krishi Vishwa Vidyalay , Gwalior","25.408791","77.644845"
"K0495","Morena","Krishi Vigyan Kendra,PO. Jaura Khurd, AB Road,Distt. Morena","Madhya Pradesh","=""23""","Morena","Morena","417","http://www.rvskvv.nic.in","07532-292810","NA","kvk.morena@rvskvv.net","476001","ICAR-ATARI  Zone-IX Jabalpur","Rajmata Vijayaraje Scindia Krishi Vishwa Vidyalay , Gwalior","26.479682","77.989407"
"K0496","Sagar I","Krishi Vigyan Kendra, Bamhori seed farm, PO. Rajaua,Bhopal road, Distt. Sagar","Madhya Pradesh","=""23""","Sagar","Sagar","425","http://kvksagar.nic.in","07582-298228","NA","kvk_sagar@rediffmail.com","470002","ICAR-ATARI  Zone-IX Jabalpur","Jawaharlal Nehru Krishi VishwaVidyalaya, , Jabalpur","24.067214","79.112169"
"K0497","Khargone","Krishi Vigyan Kendra,Distt. Khargone","Madhya Pradesh","=""23""","Khargone (West Nimar)","Khargone (West Nimar)","414","http://www.rvskvv.net/RVSKVV_Extension/EXTENSION_KVK_Index.aspx?CC=212","07282-356822","NA","kvk.khargone@rvskvv.net","451001","ICAR-ATARI  Zone-IX Jabalpur","Rajmata Vijayaraje Scindia Krishi Vishwa Vidyalay , Gwalior","21.824998","75.626692"
"K0498","Shajapur","Krishi Vigyan Kendra,Girwar Farm,Distt. Shajapur","Madhya Pradesh","=""23""","Shajapur","Shajapur","430","http://www.rvskvv.net/RVSKVV_Extension/EXTENSION_KVK_Index.aspx?CC=217","07364-292055","NA","kvkshajapur@rediffmail.com","465001","ICAR-ATARI  Zone-IX Jabalpur","Rajmata Vijayaraje Scindia Krishi Vishwa Vidyalay , Gwalior","23.426178","76.247199"
"K0499","Ujjain","Krishi Vagyan Kendra,Near Vikram Nagar Railway Station, Ujjain","Madhya Pradesh","=""23""","Ujjain","Ujjain","435","https://www.kvkujjain.org","7342922071","NA","kvk.ujjain@rvskvv.net","456010","ICAR-ATARI  Zone-IX Jabalpur","Rajmata Vijayaraje Scindia Krishi Vishwa Vidyalay , Gwalior","23.16244","75.817875"
"K0500","Mandsaur","Krishi Vigyan Kendra, College of Horticulture, Distt. Mandsaur","Madhya Pradesh","=""23""","Mandsaur","Mandsaur","416","http://www.rvskvv.net/RVSKVV_Extension/EXTENSION_KVK_Index.aspx?CC=213","7422220746","NA","kvk.mandsaur@rvskvv.net","458001","ICAR-ATARI  Zone-IX Jabalpur","Rajmata Vijayaraje Scindia Krishi Vishwa Vidyalay , Gwalior","24.012249","75.354035"
"K0501","Jabalpur","Krishi Vigyan Kendra,Distt. Jabalpur","Madhya Pradesh","=""23""","Jabalpur","Jabalpur","411","http://kvkjabalpur.nic.in","7612681626","7612681626","kvkjabalpur@gmail.com","482004","ICAR-ATARI  Zone-IX Jabalpur","Jawaharlal Nehru Krishi VishwaVidyalaya, , Jabalpur","23.199395","79.944453"
"K0502","Harda ","Krishi Vigyan Kendra,Distt. Harda","Madhya Pradesh","=""23""","Harda ","Harda","408","http://kvkhardajnkvv.nic.in/","07577-226021","07577-226021","kvkharda@rediffmail.com","461331","ICAR-ATARI  Zone-IX Jabalpur","Jawaharlal Nehru Krishi VishwaVidyalaya, , Jabalpur","22.335545","77.099608"
"K0503","Damoh","Krishi Vigyan Kendra,In front of Damoh Petroleum, Madiyahar, Sagar Raod, Distt. Damoh","Madhya Pradesh","=""23""","Damoh","Damoh","400","http://jnkvv.org/JNKVV_EXTENSION/EXTENSION_KVK_Index.aspx?CC=2010","07812-226565","7812226565","kvkdamoh@rediffmail.com","470661","ICAR-ATARI  Zone-IX Jabalpur","Jawaharlal Nehru Krishi VishwaVidyalaya, , Jabalpur","23.825406","79.442081"
"K0504","Narsinghpur","Krishi Vigyan Kendra,Station Gunj,Distt. Narsinghpur","Madhya Pradesh","=""23""","Narsimhapur","Narsimhapur","418","http://jnkvv.org/JNKVV_EXTENSION/EXTENSION_KVK_Index.aspx?CC=2015","07792-237015","07792-237015","kvknarsinghpur@rediffmail.com","487001","ICAR-ATARI  Zone-IX Jabalpur","Jawaharlal Nehru Krishi VishwaVidyalaya, , Jabalpur","22.944949","79.22222"
"K0505","Raisen","Bhoj Krishi Vigyan Kendra,Near Village Naktara, PO. Baramad Bankhedi, NH-86 Ext.,Raisen Sagar Road,Distt. Raisen","Madhya Pradesh","=""23""","Raisen","Raisen","421","http://kvkraisenzpdvii.org/","NA","755-2571831","kvkraisen@gmail.com","464551","ICAR-ATARI  Zone-IX Jabalpur","Pt. Deendayal Krishi Vikas Avam Anusandhan Samiti , Vill- Naktara, Post- Baramad Bankhedi, Raisen Sagar Road, District- Raisen- 464551","23.304773","77.929805"
"K0506","Dindori ","Krishi Vigyan Kendra,Tribal Agricultural Research Station,Distt. Dindori","Madhya Pradesh","=""23""","Dindori ","Dindori","404","http://kvkdindori.nic.in","7644234961","7644234961","kvkdindori@rediffmail.com","481880","ICAR-ATARI  Zone-IX Jabalpur","Jawaharlal Nehru Krishi VishwaVidyalaya, , Jabalpur","22.936292","81.082615"
"K0507","Gwalior","Krishi Vigyan Kendra,College of Agriculture,Distt. Gwalior","Madhya Pradesh","=""23""","Gwalior","Gwalior","407","http://www.kvkgwalior.com","0751-2364090","0751-2364090","kvkgwalior@rediffmail.com","474002","ICAR-ATARI  Zone-IX Jabalpur","Rajmata Vijayaraje Scindia Krishi Vishwa Vidyalay , Gwalior","26.22281","78.191136"
"K0508","Rewa","Krishi Vigyan  Kendra, Ag College , Padra,  Distt. Rewa","Madhya Pradesh","=""23""","Rewa","Rewa","424","http://jnkvv.org/JNKVV_EXTENSION/EXTENSION_KVK_Index.aspx?CC=2016","7662221426","7662221426","kvk_rewa@rediffmail.com","486001","ICAR-ATARI  Zone-IX Jabalpur","Jawaharlal Nehru Krishi VishwaVidyalaya, , Jabalpur","24.530477","81.299042"
"K0509","Betul","Krishi Vigyan Kendra,Betul Bazar,Distt. Betul","Madhya Pradesh","=""23""","Betul","Betul","394","http://jnkvv.org/JNKVV_EXTENSION/EXTENSION_KVK_Index.aspx?CC=2007","07141-229742","07141-229742","kvkbetul@rediffmail.com","460004","ICAR-ATARI  Zone-IX Jabalpur","Jawaharlal Nehru Krishi VishwaVidyalaya, , Jabalpur","21.859408","77.93747"
"K0510","Panna","Krishi Vigyan Kendra,Purushottampur,Distt. Panna","Madhya Pradesh","=""23""","Panna","Panna","420","http://www.jnkvv.org","7732250510","7732250510","kvkpanna@rediffmail.com","488001","ICAR-ATARI  Zone-IX Jabalpur","Jawaharlal Nehru Krishi VishwaVidyalaya, , Jabalpur","24.739348","80.275361"
"K0511","Dhar 1","Krishi Vigyan Kendra,Post Box No.18,Distt. Dhar","Madhya Pradesh","=""23""","Dhar","Dhar","403","http://kvkdharzpdvii.org","07292-223351","07292-223351","kvkdhar@rediffmail.com","454001","ICAR-ATARI  Zone-IX Jabalpur","Rajmata Vijayaraje Scindia Krishi Vishwa Vidyalay , Gwalior","22.591523","75.341933"
"K0512","Sehore","Krishi Vigyan Kendra,CRDE, Vill-Sewania Ichhwar,Distt. Sehore","Madhya Pradesh","=""23""","Sehore","Sehore","427","http://www.kvksehore.nic.in","0124-2764907","NA","crdekvksehore@gmail.com","462043","ICAR-ATARI  Zone-IX Jabalpur","Centre for Rural Dev. & Environment , CRDE- Krishi Vigyan Kendra, Village- Sewania, Post- Khairi, Tehsil- Ichhawar, District- Sehore (M.P.) - 466115","23.028069","77.017373"
"K0513","Bhind","Krishi Vigyan Kendra,Buddhpura, Near New Krishi Upaj Mandi Lahar Distt. Bhind","Madhya Pradesh","=""23""","Bhind","Bhind","395","http://www.rvskvv.net/RVSKVV_Extension/EXTENSION_KVK_Index.aspx","NA","NA","kvklahar@rediffmail.com","477445","ICAR-ATARI  Zone-IX Jabalpur","Rajmata Vijayaraje Scindia Krishi Vishwa Vidyalay , Gwalior","26.697029","78.721894"
"K0514","Indore","Krishi Vigyan Kendra,Kasturba Gandhi National Memorial Trust Kasturabagram , Khandwa Road,Distt. Indore","Madhya Pradesh","=""23""","Indore","Indore","410","http://www.kvkindore.co.in","0731-2874151","NA","kvk_indore@rediffmail.com","452020","ICAR-ATARI  Zone-IX Jabalpur","Kasturba Gandhi Natinoal Memorial Trust , Kasturbagram, Indore-452020","22.653368","75.885931"
"K0515","Khandwa ","Krishi Vigyan Kendra, B.M. College of Agriculture, Jaswadi Road, KHANDWA Distt. Khandwa","Madhya Pradesh","=""23""","Khandwa (East Nimar)","Khandwa (East Nimar)","405","kvkkhandwa.org,         http://www.rvskvv.net/RVSKVV_Extension/EXTENSION_KVK_Index.aspx?CC=211, ","7334067115","0733-2230217","kvk.khandwa@rvskvv.net","450001","ICAR-ATARI  Zone-IX Jabalpur","Rajmata Vijayaraje Scindia Krishi Vishwa Vidyalay , Gwalior","21.818542","76.37104"
"K0516","Tikamgarh","Krishi Vigyan Kendra, Tikamgarh (M.P.)","Madhya Pradesh","=""23""","Tikamgarh","Tikamgarh","434","http://kvktikamgarhjnkvv.nic.in/","NA","NA","kvktikamgarh@rediffmail.com","472001","ICAR-ATARI  Zone-IX Jabalpur","Jawaharlal Nehru Krishi VishwaVidyalaya, , Jabalpur","24.740809","78.833275"
"K0517","Seoni","Krishi Vigyan Kendra,N.H.7 Nagpur Road ,Distt. Seoni","Madhya Pradesh","=""23""","Seoni","Seoni","428","http://jnkvv.org/JNKVV_EXTENSION/EXTENSION_KVK_Index.aspx?CC=2003","07692-223765","07692-223765","kvk_seoni@rediffmail.com","480661","ICAR-ATARI  Zone-IX Jabalpur","Jawaharlal Nehru Krishi VishwaVidyalaya, , Jabalpur","22.068553","79.543152"
"K0518","Rajgarh","Krishi Vigyan Kendra,Kothi Bagh, Biaora,Distt. Rajgarh","Madhya Pradesh","=""23""","Rajgarh","Rajgarh","422","http://www.rvskvv.net/RVSKVV_Extension/EXTENSION_KVK_Index.aspx?CC=216","07372-282655","07372-254405","kvkrajgarh@rediffmail.com","465661","ICAR-ATARI  Zone-IX Jabalpur","Rajmata Vijayaraje Scindia Krishi Vishwa Vidyalay , Gwalior","24.008843","76.739187"
"K0519","Guna","Dr. Akhilesh Shrivastava, Sr. Scientist and Head , Krishi Vigyan Kendra,Raghogarh Naka  Aron, Distt. Guna","Madhya Pradesh","=""23""","Guna","Guna","406","NA","NA","NA","kvkguna@rediffmail.com","473101","ICAR-ATARI  Zone-IX Jabalpur","Rajmata Vijayaraje Scindia Krishi Vishwa Vidyalay , Gwalior","24.441762","77.196427"
"K0520","Ratlam","Krishi Vigyan Kendra,Shiksha Samiti, Kalukheda, Village & Post - Kalukheda, Teh. - Piploda, Distt. Ratlam","Madhya Pradesh","=""23""","Ratlam","Ratlam","423","http://www.kvkratlam.org.in","07414-276314, 07414359734","07414-276314,07414359734","kvkratlam@gmail.com","457340","ICAR-ATARI  Zone-IX Jabalpur","Kalukheda Shiksha Samiti , Village & Post - Kalukheda Tehsil Piploda Distt. Ratlam (MP)","23.728046","75.041226"
"K0521","Sidhi","Krishi Vigyan Kendra, North Karaundia, Distt. Sidhi","Madhya Pradesh","=""23""","Sidhi","Sidhi","433","http://jnkvv.org/JNKVV_EXTENSION/EXTENSION_KVK_Index.aspx?CC=2005","NA","NA","kvksidhi.2008@rediffmail.com","486661","ICAR-ATARI  Zone-IX Jabalpur","Jawaharlal Nehru Krishi VishwaVidyalaya, , Jabalpur","24.411279","81.883401"
"K0522","Shahdol","Krishi Vigyan Kendra Shahdol, Kalyanpur, P.O.-Bhui Bandh, District - Shahdol (MP)","Madhya Pradesh","=""23""","Shahdol","Shahdol","429","www.jnkvvkvkshahdolatari9.org.in","07652-241790","NA","kvkshahdol@rediffmail.com","484001","ICAR-ATARI  Zone-IX Jabalpur","Jawaharlal Nehru Krishi VishwaVidyalaya, , Jabalpur","23.285783","81.339126"
"K0523","Balaghat","Krishi Vigyan Kendra,Balaghat, Vill. Badgaon, PO. Pala Tah. Kirnapur, Distt. Balaghat.","Madhya Pradesh","=""23""","Balaghat","Balaghat","392","http://jnkvv.org/JNKVV_EXTENSION/EXTENSION_KVK_Index.aspx?CC=2002","7632246729","7632246729","kvkbadgaon@rediffmail.com","481115","ICAR-ATARI  Zone-IX Jabalpur","Jawaharlal Nehru Krishi VishwaVidyalaya, , Jabalpur","21.647583","80.32638"
"K0524","Vidisha","Krishi Vigyan Kendra,Sri Malwa Mahila Vikas SamitiPO. Sirjon,Distt. Vidisha","Madhya Pradesh","=""23""","Vidisha","Vidisha","437","NA","0124-2764907","NA","anjani03_kvk@ yahoo.com","464228","ICAR-ATARI  Zone-IX Jabalpur","Malwa Mahila Vikas Samiti , 32, Niyamatpura, Shajanabad, Bhopal","NULL","NULL"
"K0525","Satna","Krishi Vigyan Kendra,Majhgawan,Distt. Satna","Madhya Pradesh","=""23""","Satna","Satna","426","http://www.kvksatna.org.in","7670263297","7670263297","kvksatna@rediffmail.com","485331","ICAR-ATARI  Zone-IX Jabalpur","Deen Dayal Research Institute , Krishi Vigyan Kendra, Majhgawan (Satna) MP-485331","24.914988","80.794593"
"K0526","Jhabua","Krishi Vigyan Kendra, RVSKVV Farm, Rajgarh Naka, Distt. Jhabua","Madhya Pradesh","=""23""","Jhabua","Jhabua","412","www.kvkjhabua.org","07392-244367","07392-244367","kvkjhabua@rediffmail.com","457661","ICAR-ATARI  Zone-IX Jabalpur","Rajmata Vijayaraje Scindia Krishi Vishwa Vidyalay , Gwalior","22.764292","74.599674"
"K0527","Chhindwara 1","Krishi Vigyan Kendra,Chandangaon,Distt. Chhindwara","Madhya Pradesh","=""23""","Chhindwara","Chhindwara","399","http://jnkvv.org/JNKVV_EXTENSION/EXTENSION_KVK_Index.aspx?CC=2001","07162-292902","NA","kvk_chhindwara@rediffmail.com","480001","ICAR-ATARI  Zone-IX Jabalpur","Jawaharlal Nehru Krishi VishwaVidyalaya, , Jabalpur","22.030373","78.929932"
"K0528","Bhopal","Krishi Vigyan Kendra,Nabibagh, Berasia Road, Bhopal","Madhya Pradesh","=""23""","Bhopal","Bhopal","396","NA","(0755)2521148-51","0755-2734016","kvkciaebhopal@gmail.com","462038","ICAR-ATARI  Zone-IX Jabalpur","ICAR Central Institute of Agricultural Engineerin , Nabi Bagh, Berasia Road Bhopal, Madhya Pradesh","23.309693","77.403854"
"K0529","Angul","Panchamahala, P.O. Hulurisinga, Dist. Angul","Odisha","=""21""","Anugul  ","Anugul","344","http://kvkangul.org","NA","NA","angulkvk@yahoo.com","759132","ICAR-ATARI  Zone-V Kolkata","Odisha University of Agriculture & Technology , Bhubaneswar,Odisha ","20.818136","85.067107"
"K0530","Baleswar","KVK,Balasore At/PO- Devog, Via-Singla, Dist- Balasore","Odisha","=""21""","Baleshwar","Baleshwar","346","http://www.kvkbalasore.in","06781-253303","(06781)-253303","kvkbalasore.ouat@gmail.com","756023","ICAR-ATARI  Zone-V Kolkata","Odisha University of Agriculture & Technology , Bhubaneswar,Odisha ","21.66619","87.244558"
"K0531","Bargarh","Krishi Vigyan Kendra, At- Gambharipali, PO - Larambha, Dist-Baragarh, Pin-768102","Odisha","=""21""","Bargarh","Bargarh","347","http://www.kvkbaragarh.org/","NA","NA","kvkbaragarh.ouat@gmail.com","768102","ICAR-ATARI  Zone-V Kolkata","Odisha University of Agriculture & Technology , Bhubaneswar,Odisha ","21.349882","83.842367"
"K0532","Bhadrak","Krishi Vigyan Kendra, Bhadrak, At/PO- Ranital, Dist-Bhadrak, Odisha, PIN-756111","Odisha","=""21""","Bhadrak","Bhadrak","348","http://www.kvkbhadrak.org/","6784265825","NA","kvkbhadrak.od@gov.in","756111","ICAR-ATARI  Zone-V Kolkata","Odisha University of Agriculture & Technology , Bhubaneswar,Odisha ","21.150741","86.545998"
"K0533","Balangir","Senior Scientist & Head, Krishi Vigyan Kendra, R.E. Farm, Larkipali,Bolangir-767002","Odisha","=""21""","Balangir","Balangir","345","http://kvkbolangir.org","6652250165","NA","kvkbolangir.ouat@gmail.com","767002","ICAR-ATARI  Zone-V Kolkata","Odisha University of Agriculture & Technology , Bhubaneswar,Odisha ","20.721627","83.457745"
"K0534","Baudh","KRISHI VIGYAN KENDRA, BOUDH At - Paljhar Po - Salunki Dist - Boudh","Odisha","=""21""","Baudh","Boudh","349","http://kvkboudh.org","0124-2764907","NA","kvkboudh.ouat@gmail.com","762026","ICAR-ATARI  Zone-V Kolkata","Odisha University of Agriculture & Technology , Bhubaneswar,Odisha ","20.748879","84.228813"
"K0536","Debagarh","Near Horticulture Farm, At/Po-Purunagarh, Dist-Deogarh","Odisha","=""21""","Debagarh","Deogarh","351","http://kvkdeogarh.org","06641-226122","06641-226122","kvkdeogarh.ouat@gmail.com","768119","ICAR-ATARI  Zone-V Kolkata","Odisha University of Agriculture & Technology , Bhubaneswar,Odisha ","21.127084","84.838728"
"K0537","Dhenkanal","Krishi Vigyan Kendra,Dhenkanal, At / PO Mahisapat,Dist. Dhenkanal","Odisha","=""21""","Dhenkanal","Dhenkanal","352","http://dhenkanalkvk.org","06762-286610","NA","kvkdhenkanal.ouat@gmail.com","759013","ICAR-ATARI  Zone-V Kolkata","Odisha University of Agriculture & Technology , Bhubaneswar,Odisha ","20.64041","85.589998"
"K0538","Gajapati","Krishi Vigyan Kendra, At/PO-R.Udayagiri,Dist.- Gajapati","Odisha","=""21""","Gajapati","Gajapati","353","http://kvkgajapati.org/","06817-291283","NA","kvkgajapati.ouat@gmail.com","761016","ICAR-ATARI  Zone-V Kolkata","Odisha University of Agriculture & Technology , Bhubaneswar,Odisha ","19.161792","84.144833"
"K0539","Ganjam 1","Krishi Vigyan Kendra,Ganjam-I, A:-Benakunda, P:-. Dihapadhala,Via:-Tanarada, Bhanjanagar, Distt.:-Ganjam","Odisha","=""21""","Ganjam","Ganjam","354","http://ganjamkvkzpdvii.org/","06821-296222","NA","kvkganjam1.ouat@gmail.com","761140","ICAR-ATARI  Zone-V Kolkata","Odisha University of Agriculture & Technology , Bhubaneswar,Odisha ","19.947552","84.59481"
"K0540","Jagatsinghapur ","Krishi Vigyan Kendra,At.Nimkana, Po-Manijanga, Via-Tirol, Dist.- Jagatsinghpur","Odisha","=""21""","Jagatsinghapur ","Jagatsinghapur","355","http://www.kvkjagatsinghpurzpdvii.org","NA","NA","kvkjagatsinghpur.ouat@gmail.com","754160","ICAR-ATARI  Zone-V Kolkata","Odisha University of Agriculture & Technology , Bhubaneswar,Odisha ","20.291206","86.373131"
"K0541","Jajpur","Krishi Vigyan Kendra,At PO. Barachana,Distt. Jaipur","Odisha","=""21""","Jajapur  ","Jajapur","356","http://www.jajpurkvkzcuvii.org.in/","0124-2764907","NA","jajpurkvk@yahoo.co.in","754081","ICAR-ATARI  Zone-V Kolkata","Odisha University of Agriculture & Technology , Bhubaneswar,Odisha ","20.668399","86.118768"
"K0542","Ganjam 2","Krishi Vigyan Kendra,At- Golanthara , Po- Gobinda Nagar , Block - Rangeilunda ","Odisha","=""21""","Ganjam","Ganjam","354","http://www.kvkganjam2.org","NA","NA","kvk.ganjam2@ouat.ac.in","761008","ICAR-ATARI  Zone-V Kolkata","Odisha University of Agriculture & Technology , Bhubaneswar,Odisha ","19.362042","84.767785"
"K0543","Jharsuguda","Krishi Vigyan Kendra,At/PO. Badmal,Distt. Jharsuguda","Odisha","=""21""","Jharsuguda","Jharsuguda","357","http://www.jharsugudakvk.org/","0124-2764907","NA","kvkjharsuguda.ouat@gmail.com","768202","ICAR-ATARI  Zone-V Kolkata","Odisha University of Agriculture & Technology , Bhubaneswar,Odisha ","21.8225","84.0117"
"K0544","Kalahandi","Krishi Vigyan Kendra,At- Arkabahalipada, PO.Bhawanipatna,Distt. Kalahandi","Odisha","=""21""","Kalahandi","Kalahandi","358","http://kvkkalahandi.org/","NA","NA","kvkkalahandi.ouat@gmail.com","766001","ICAR-ATARI  Zone-V Kolkata","Odisha University of Agriculture & Technology , Bhubaneswar,Odisha ","19.923376","83.156051"
"K0545","Kandhamal","Krishi Vigyan Kendra, PO. G. Udayagiri, Distt. Kandhamal (Phulbani)","Odisha","=""21""","Kandhamal","Kandhamal","359","http://kvkkandhamal.org.in","06847-260707","NA","kvkkandhamal.ouat@gmail.com","762100","ICAR-ATARI  Zone-V Kolkata","Odisha University of Agriculture & Technology , Bhubaneswar,Odisha ","20.12943","84.36314"
"K0546","Kendrapara ","At. Jajang, P.O.Kapaleswar","Odisha","=""21""","Kendrapara ","Kendrapara","360","http://kendraparakvk.org","06727-297554","NA","kvk.kendrapara@ouat.ac.in","754250","ICAR-ATARI  Zone-V Kolkata","Odisha University of Agriculture & Technology , Bhubaneswar,Odisha ","20.52374","86.44149"
"K0547","Kendujhar","Krishi Vigyan Kendra, Judia Farm, PO. Old Town","Odisha","=""21""","Kendujhar","Kendujhar","361","http://www.kvkkeonjhar.org","06766-255385","NA","kvkkeonjhar.ouat@gmail.com","758002","ICAR-ATARI  Zone-V Kolkata","Odisha University of Agriculture & Technology , Bhubaneswar,Odisha ","21.632198","85.574693"
"K0548","Khordha ","Krishi Vigyan Kendra-Khordha, ICAR-Central Institute of Freshwater Aquaculture(CIFA), Kausalyaganga (Post), Bhubaneswar-751002, Odisha ","Odisha","=""21""","Khordha ","Khordha","362","http://www.kvkkhordha.org","0674-2465060","NA","kvkcifa1976@gmail.com","751002","ICAR-ATARI  Zone-V Kolkata","ICAR Central Institute of Freshwater Aquaculture , Kausalyaganga, Bhubaneswar,Odisha","20.18385","85.851183"
"K0549","Koraput","Krishi Vigyan Kendra,P.Box No-10, Sunabeda-2, Dist-Koraput, Odisha, India","Odisha","=""21""","Koraput","Koraput","363","www.kvkkoraput.org","NA","NA","kvkkoraput.ouat@gmail.com","763002","ICAR-ATARI  Zone-V Kolkata","Odisha University of Agriculture & Technology , Bhubaneswar,Odisha ","18.700392","82.803328"
"K0550","Malkangiri  ","Krishi Vigyan Kendra, Malkangiri, Mundaguda,Distt. Malkangiri","Odisha","=""21""","Malkangiri  ","Malkangiri","364","http://www.kvkmalkangiri.org","NA","NA","kvkmalkangiri.ouat@gmail.com","764045","ICAR-ATARI  Zone-V Kolkata","Odisha University of Agriculture & Technology , Bhubaneswar,Odisha ","18.537607","82.2006"
"K0551","Mayurbhanj 1","Krishi Vigyan Kendra,At/PO. ShyamakhuntaDistt. Mayurbhanj","Odisha","=""21""","Mayurbhanj","Mayurbhanj","365","http://kvkmayurbhanj.org.in","6792295199","NA","kvkmayurbhanj1.ouat@gmail.com","757049","ICAR-ATARI  Zone-V Kolkata","Odisha University of Agriculture & Technology , Bhubaneswar,Odisha ","21.9265","86.690556"
"K0552","Mayurbhanj 2","Krishi Vigyan Kendra, Mayurbhanj-II, Vill.- Angarapada, Tehsil- Jashipur, Distt.- Mayurbhanj  ","Odisha","=""21""","Mayurbhanj","Mayurbhanj","365","http://www.kvkmayurbhanj2.org.in","NA","NA","kvkmayurbhanj2.ouat@gmail.com","757091","ICAR-ATARI  Zone-V Kolkata","Odisha University of Agriculture & Technology , Bhubaneswar,Odisha ","21.932297","86.679994"
"K0553","Nabarangpur","Krishi Vigyan Kendra,At/PO, Badakumari, Umerkote,Distt. Nabarangpur","Odisha","=""21""","Nabarangapur ","Nabarangpur","366","http://www.kvknabarangapur.org/","0124-2764907","NA","nabarangapurkvk@yahoo.co.in","764073","ICAR-ATARI  Zone-V Kolkata","Odisha University of Agriculture & Technology , Bhubaneswar,Odisha ","19.663261","82.193382"
"K0554","Nuapada","Krishi Vigyan Kendra, At/PO/Distt. Nuapada","Odisha","=""21""","Nuapada","Nuapada","368","https://kvknuapada.ac.in/","06678-223103","NA","kvknuapada.ouat@gmail.com","766105","ICAR-ATARI  Zone-V Kolkata","Odisha University of Agriculture & Technology , Bhubaneswar,Odisha ","20.808306","82.536207"
"K0555","Nayagarh  ","Krishi Vigyan Kendra, At Panipoila, PO. Balugaon, Distt. Nayagarh","Odisha","=""21""","Nayagarh  ","Nayagarh","367","http://www.kvknayagarh.org/","9438615702","NA","kvknayagarh.ouat@gmail.com","752070","ICAR-ATARI  Zone-V Kolkata","Odisha University of Agriculture & Technology , Bhubaneswar,Odisha ","20.197045","85.117705"
"K0556","Puri","Krishi Vigyan Kendra, At:Sakhigopal, Infront of Satyabadi Block, Distt. Puri, Odisha","Odisha","=""21""","Puri","Puri","369","http://kvkpuri.org","06752-273960","06752-273960","purikvk@yahoo.co.in","752014","ICAR-ATARI  Zone-V Kolkata","Odisha University of Agriculture & Technology , Bhubaneswar,Odisha ","19.962405","85.822027"
"K0557","Rayagada  ","Krishi Vigyan Kendra, Rayagada, OUAT  Agriculture Farm, At/Po:  Gunupur, Distt. : Rayagada, State: Odisha, PIN-765022","Odisha","=""21""","Rayagada  ","Rayagada","370","http://www.kvkrayagada.org/","06857 250255","NA","kvkrayagada.ouat@gmail.com","765022","ICAR-ATARI  Zone-V Kolkata","Odisha University of Agriculture & Technology , Bhubaneswar,Odisha ","19.077023","83.81169"
"K0558","Sambalpur","Krishi Vigyan Kendra,RRTTS Campus, Chiplima,Distt. Sambalpur","Odisha","=""21""","Sambalpur","Sambalpur","371","http://www.kvksambalpur.org","0663-2460501","NA","kvksambalpur.ouat@gmail.com","768025","ICAR-ATARI  Zone-V Kolkata","Odisha University of Agriculture & Technology , Bhubaneswar,Odisha ","21.351216","83.908514"
"K0559","Cuttack","Krishi Vigyan Kendra, Santhapur, PO: Uchhapada Via: Kotasahi","Odisha","=""21""","Cuttack","Cuttack","350","http://www.kvkcuttack.com","NA","NA","kvkcuttack@gmail.com","754022","ICAR-ATARI  Zone-V Kolkata","ICAR Central Rice Research Institute  , Cuttack, Orissa ","20.423531","86.166109"
"K0560","Subarnapur","Krishi Vigyan Kendra,Agricultural FarmPO. Bolangir RoadDistt. Sonepur","Odisha","=""21""","Subarnapur","Sonepur","372","http://kvksonepur.org","6.71E+12","06654-221009","kvksonepur.ouat@gmail.com","767018","ICAR-ATARI  Zone-V Kolkata","Odisha University of Agriculture & Technology , Bhubaneswar,Odisha ","20.849753","83.860556"
"K0561","Sundargarh 1","Krishi Vigyan Kendra,PO Kirei,Distt. Sundergarh","Odisha","=""21""","Sundargarh","Sundargarh","373","http://kvksundargarh-1.org","6622295264","NA","kvksundargarh1.ouat@gmail.com","770073","ICAR-ATARI  Zone-V Kolkata","Odisha University of Agriculture & Technology , Bhubaneswar,Odisha ","22.06654","84.052355"
"K0562","Sundargarh 2","Krishi Vigyan Kendra, At. Hockey Chawk, PO. Panposh, Rourkela","Odisha","=""21""","Sundargarh","Sundargarh","373","http://kvksundargarh2.org","0661-2664050","NA","kvksundergarh2.ouat@gmail.com","769004","ICAR-ATARI  Zone-V Kolkata","Odisha University of Agriculture & Technology , Bhubaneswar,Odisha ","22.06654","84.052355"
"K0563","North Goa","ICAR - Krishi Vigyan Kendra, North Goa, ICAR - Central Coastal Agricultural Research Institute, Ela,Old Goa,","Goa","=""30""","North Goa","North Goa","551","http://www.kvknorthgoa.icar.gov.in","0832-2996895","NA","pckvknorthgoa@gmail.com","403402","ICAR-ATARI  Zone-VIII Pune","ICAR Central Coastal AgriculturalResearch Institu , Ela, Old Goa,North Goa","15.500975","73.915195"
"K0564","South Goa","Krishi Vigyan Kendra,Panaji, GoaDistt. South Goa","Goa","=""30""","South Goa","South Goa","552","NA","0124-2764907","NA","kvksouthgoa@rediffmail.com","403601","ICAR-ATARI  Zone-VIII Pune","Directorate of Agriculture,Government of Goa  ,  Panaji","15.267581","73.962381"
"K0565","Bagalkot ","Krishi Vigyan Kendra, Near Railway Station, Old Badami road, Bagalkot Dist. Bagalkot","Karnataka","=""29""","Bagalkot ","Bagalkote","524","http://www.kvkbagalkot.com","08354-223543","08354-223543","kvkbgk@rediffmail.com","587101","ICAR-ATARI  Zone-XI Bangalore","University of Agril. Sciences  , Yettineyudda Campus Krishi Nagar, Dharwad,Karnataka ","16.145478","75.69206"
"K0566","Bengaluru Rural","Krishi Vigyan Kendra,Hadonahalli Village, Doddaballapur Taluk,Bengaluru Rural District. ","Karnataka","=""29""","Bangalore Rural","Bengaluru Rural","526","http://www.kvkbrd.org","9449866928","NA","kvkbrd@gmail.com","561205","ICAR-ATARI  Zone-XI Bangalore","University of Agricultural Sciences , GKVK Campus,Bengaluru, Karnataka","12.971599","77.594563"
"K0567","Belagavi1","ICAR-BIRDS Krishi Vigyan Kendra, AT/Post:Tukkanatti, Tq.:Mudalagi, Dist.: Belagavi","Karnataka","=""29""","Belagavi","Belagavi","527","https://kvkbelagavi1.icar.gov.in","NA","NA","kvk.Belagavi1@icar.gov.in","591224","ICAR-ATARI  Zone-XI Bangalore","Belgaum Integreted Rural Development Society , Belgaum Integreted Rural Development Society, Belagavi-I, Birds Campus, Tukkanatti- 591224","16.308571","74.867592"
"K0568","Belagavi2","Krishi Vigyan Kendra,Mattikipp Village, Baihongal Taluk, Belgavi District","Karnataka","=""29""","Belagavi","Belagavi","527","http://www.klekvk.org","9535604747","NA","kvk.Belagavi2@icar.gov.in","591147","ICAR-ATARI  Zone-XI Bangalore","Karnataka Lingayat Education society , Karnataka Lingayat Education societyMattikopp -591147, Bailhongal Taluk, Belagavi District","15.893243","74.744585"
"K0569","Ballari","Krishi Vigyan Kendra, At: Hagari,Tq/Dist:Ballari","Karnataka","=""29""","Ballari","Ballari","528","http://www.kvkballari.org","8392265080","NA","kvk.ballari@icar.gov.in","583111","ICAR-ATARI  Zone-XI Bangalore","University of Agricultural Sciences , P. B. No. 329 Raichur,Karnataka","15.137779","77.060096"
"K0570","Bidar","Krishi Vigyan Kendra,Post Box No.58,Distt. Bidar","Karnataka","=""29""","Bidar","Bidar","529","http://www.kvkbidar.in","08482-244155","08482-244155","kvkbidar2013@gmail.com","585402","ICAR-ATARI  Zone-XI Bangalore","University of Agricultural Sciences , P. B. No. 329 Raichur,Karnataka","17.986119","77.485339"
"K0571","Vijayapura1","Krishi Vigyan Kendra,Regional Agricultural Research Station,P.Box No.18,PO. & Distt. Vijayapura","Karnataka","=""29""","Vijayapura","Vijayapura","530","https://kvkvijayapura.org","08352-200140","08352-200140","kvk.Vijayapura1@icar.gov.in","586102","ICAR-ATARI  Zone-XI Bangalore","University of Agril. Sciences  , Yettineyudda Campus Krishi Nagar, Dharwad,Karnataka ","13.2967","77.800809"
"K0572","Chamarajanagar","Krishi Vigyan Kendra,Seed Farm, Haradanahally,Distt. Chamrajanagar","Karnataka","=""29""","Chamarajanagar","Chamarajanagar","531","http://www.kvkchamarajanagar.com","08226-297050","NA","kvk.Chamarajanagar@icar.gov.in","571127","ICAR-ATARI  Zone-XI Bangalore","University of Agricultural Sciences , GKVK Campus,Bengaluru, Karnataka","11.89343","76.952748"
"K0573","Chikkamagaluru","Krishi Vigyan Kendra,Hand post, Mudigere tq.,Distt. Chikkamagalur","Karnataka","=""29""","Chikkamagaluru","Chikkamagaluru","532","https://kvkck.uahs.edu.in/","08263-228198","NA","kvk.Chikkamagaluru@icar.gov.in","577132","ICAR-ATARI  Zone-XI Bangalore","University of Agril. Sciences & Horticultural Sci , Savalanga Road, Navile Shivamogga,Karnataka ","13.123017","75.628219"
"K0574","Chikkaballapura","ICAR-Krishi Vigyan Kendra, P.B.No-29, Kurubur Farm, Chintamani Taluk","Karnataka","=""29""","Chikkaballapura","Chikkaballapura","630","http://www.uasbangalore.edu.in/index.php/chintamani","NA","NA","kvkcbpura@gmail.com","563125","ICAR-ATARI  Zone-XI Bangalore","University of Agricultural Sciences , GKVK Campus,Bengaluru, Karnataka","13.311966","78.077231"
"K0575","Chitradurga","ICAR-Krishi Vigyan Kendra,Babbur Farm, Hiriyur Tq.,Chitradurga District","Karnataka","=""29""","Chitradurga","Chitradurga","533","https://kvkchitradurga.karnataka.gov.in/en","08193-200081","NA","kvk.Chitradurga@icar.gov.in","577598","ICAR-ATARI  Zone-XI Bangalore","University of Agril. Sciences & Horticultural Sci , Savalanga Road, Navile Shivamogga,Karnataka ","13.957043","76.645743"
"K0576","Dakshina Kannada","Krishi Vigyan Kendra, Kankanady , Mangaluru","Karnataka","=""29""","Dakshina Kannada","Dakshina Kannada","534","http://kvkdk.org","0824-2431872","0824-2430060","kvkdk@rediffmail.com","575002","ICAR-ATARI  Zone-XI Bangalore","Karnataka Veterinary, Animal & Fisheries Science  , Bidar, Karnataka ","12.557704","75.373127"
"K0577","Davanagere","Kadalivana, LIC Colony Layout, Taralabalu KVK Road, Davanagere","Karnataka","=""29""","Davanagere","Davanagere","535","http://www.taralabalukvk.com","08192-263462","08192-297142","dvgtkvk@yahoo.com","577004","ICAR-ATARI  Zone-XI Bangalore","Taralabalu Rural Development Foundation (TRDF) , Taralabalu Rural Development Foundation (TRDF), Kadalivana, LIC Colony Layout BIET College Road, Davanagere - 5770 004,(Karnataka)","14.443304","75.91056"
"K0578","Dharwad","ICAR-Krishi Vigyan Kendra, Saidapur Farm, Dist. Dharwad","Karnataka","=""29""","Dharwad","Dharwad","536","http://kvkdharwad.org","0836-2970246","NA","kvkdwd@uasd.in","580005","ICAR-ATARI  Zone-XI Bangalore","University of Agril. Sciences  , Yettineyudda Campus Krishi Nagar, Dharwad,Karnataka ","15.480312","74.979258"
"K0579","Gadag","ICAR-K.H.Patil Krishi Vigyan Kendra,Hulkoti,Distt. Gadag","Karnataka","=""29""","Gadag","Gadag","537","https://kvkgadag.icar.gov.in","08372-289325","NA","kvk.Gadag@icar.gov.in","582205","ICAR-ATARI  Zone-XI Bangalore","K.H.Patil Agril. Sciences Foundation , K.H.Patil Agril. Sciences Foundation, Hulkoti -582 205 Gadag (Karnataka)","15.423012","75.528455"
"K0580","Kalaburgi1","Krishi Vigyan Kendra,Agricultural Research Station,Aland Road,Dist. Kalaburagi","Karnataka","=""29""","Kalaburgi","Kalaburagi","538","http://kvkgulbarga.com/","8472274596","8472241766","kvkglb.in@gmail.com","585101","ICAR-ATARI  Zone-XI Bangalore","University of Agricultural Sciences , P. B. No. 329 Raichur,Karnataka","17.360592","76.814774"
"K0581","Kalaburgi 2","ICAR- Krishi Vigyan Kendra, Kalaburgi-II (Raddewadgi) Post- Raddewadgi, Taluk-Jewargi,Dist.- Kalaburagi","Karnataka","=""29""","Kalaburgi","Kalaburagi","538","https://kvkrwd.karnataka.gov.in","NA","NA","kvk.Kalaburgi2@icar.gov.in","585310","ICAR-ATARI  Zone-XI Bangalore","University of Agricultural Sciences , P. B. No. 329 Raichur,Karnataka","17.039829","76.79718"
"K0582","Hassan","Kandail, Hassan","Karnataka","=""29""","Hassan","Hassan","539","http://www.kvkhassan.com","08172-256092","08172-256792","hassan.kvk@gmail.com","573217","ICAR-ATARI  Zone-XI Bangalore","University of Agricultural Sciences , GKVK Campus,Bengaluru, Karnataka","12.981877","76.053582"
"K0583","Haveri","Krishi Vigyan Kendra,Hanumanmatti, Tq Ranebennur, Dt. Haveri","Karnataka","=""29""","Haveri","Haveri","540","http://kvkhaveri.icar.gov.in, http://kvkhaveri.in","08373-253524","08373-253524","kvk.haveri@icar.gov.in","581115","ICAR-ATARI  Zone-XI Bangalore","University of Agril. Sciences  , Yettineyudda Campus Krishi Nagar, Dharwad,Karnataka ","14.657353","75.564622"
"K0584","Kodagu","ICAR-Krishi Vigyan Kendra,Gonikoppal,  Kodagu District.","Karnataka","=""29""","Kodagu","Kodagu","541","https://kvkkodagu.icar.gov.in/","08274-247274","NA","kvk.kodagu@icar.gov.in","571213","ICAR-ATARI  Zone-XI Bangalore","ICAR Indian Institute of Horticultural Research , Hessaraghatta Lake Post Bengaluru,  Karnataka","12.185667","75.92447"
"K0585","Kolar","NH-75, Tamaka, Kolar-563103","Karnataka","=""29""","Kolar","Kolar","542","https://kvkkolar.karnataka.gov.in","8152295098","8152295098","kvk.Kolar2012@icar.gov.in","563103","ICAR-ATARI  Zone-XI Bangalore","University of Horticultural Sciences , Navanagar, Bagalkot,Karnataka","13.132067","78.178209"
"K0586","Koppal","ARS Campus, Kanakagiri Raod, Gangavathi","Karnataka","=""29""","Koppal","Koppal","543","http://www.kvkgangavathi.org/","8533272518","8533271578","kvk.koppal@icar.gov.in","583227","ICAR-ATARI  Zone-XI Bangalore","University of Agricultural Sciences , P. B. No. 329 Raichur,Karnataka","15.456221","76.524015"
"K0587","Mandya","ICAR-Krishi Vigyan Kendra, V.C. Farm, Mandya ","Karnataka","=""29""","Mandya","Mandya","544","www.icarkvkmandya.co.in","08232-277456","NA","kvkmandya@gmail.com","571405","ICAR-ATARI  Zone-XI Bangalore","University of Agricultural Sciences , GKVK Campus,Bengaluru, Karnataka","12.568617","76.835691"
"K0588","Mysuru","Suttur, Nanjangud Taluk, Mysuru district","Karnataka","=""29""","Mysuru","Mysuru","545","http://www.jsskvk.in","08221-295018","NA","jsskvk@gmail.com","571129","ICAR-ATARI  Zone-XI Bangalore","Jagadguru Sri Shivarathreeshwara (JSS), Mahavidyapeeth , Jagadguru Sri Shivarathreeshwara (JSS), Mahavidyapeeth, Suttur, Nanjangud Taluk, Mysuru -571 129","12.301705","76.655102"
"K0589","Raichur","ICAR-Krishi Vigyan Kendra, UAS Campus, Raichur","Karnataka","=""29""","Raichur","Raichur","546","http://kvkraichur.org","08532-220196","08532-220216","kvk.Raichur@icar.gov.in","584104","ICAR-ATARI  Zone-XI Bangalore","University of Agricultural Sciences , P. B. No. 329 Raichur,Karnataka","16.205898","77.325761"
"K0590","Ramanagara","Krishi Vigyan Kendra, Chandurayanghalli, Magadi Taluk, Ramanagara District","Karnataka","=""29""","Ramanagara","Ramanagara","631","http://www.kvkramanagara.org","080-29899388","NA","kvkramanagara@gmail.com","562120","ICAR-ATARI  Zone-XI Bangalore","University of Agricultural Sciences , GKVK Campus,Bengaluru, Karnataka","12.979593","77.191796"
"K0591","Shivamogga","ICAR-Krishi Vigyan Kendra, Savalanga Road, Navule, Shivamogga","Karnataka","=""29""","Shivamogga","Shivamogga","547","NA","NA","NA","kvk.shivamogga@icar.gov.in","577204","ICAR-ATARI  Zone-XI Bangalore","University of Agril. Sciences & Horticultural Sci , Savalanga Road, Navile Shivamogga,Karnataka ","13.975174","75.580529"
"K0592","Tumakuru 2","ICAR - Krishi Vigyan Kendra,NH4, Hirehalli,Tumakuru District","Karnataka","=""29""","Tumakuru","Tumakuru","548","https://kvktumakuru2.icar.gov.in/","0816-2243175","NA","kvk.tumakuru2@icar.gov.in","572168","ICAR-ATARI  Zone-XI Bangalore","ICAR Indian Institute of Horticultural Research , Hessaraghatta Lake Post Bengaluru,  Karnataka","13.281809","77.186046"
"K0593","Tumakuru 1","Krishi Vigyan Kendra, Konehally,Tiptur, Distt. Tumkur","Karnataka","=""29""","Tumakuru","Tumakuru","548","NA","NA","NA","kvk.Tumakuru1@icar.gov.in","572201","ICAR-ATARI  Zone-XI Bangalore","University of Agricultural Sciences , GKVK Campus,Bengaluru, Karnataka","13.281028","76.361975"
"K0594","Udupi","Krishi Vigyan Kendra,Zonal Agricultural Reseach Station,Brahmavar,Distt. Udupi","Karnataka","=""29""","Udupi","Udupi","549","kvkud.uahs.edu.in","0820-2563923","2561011","kvk.Udupi@icar.gov.in","576213","ICAR-ATARI  Zone-XI Bangalore","University of Agril. Sciences & Horticultural Sci , Savalanga Road, Navile Shivamogga,Karnataka ","13.424046","74.757846"
"K0595","Uttara Kannada","Krishi Vigyan Kendra,Banvasi Road, Sirsi,Distt. Uttara Kannada","Karnataka","=""29""","Uttara Kannada","Uttara Kannada","550","http://www.kvkuttarkannada.org","08384-228411","NA","kvkuks@gmail.com","581401","ICAR-ATARI  Zone-XI Bangalore","University of Agril. Sciences  , Yettineyudda Campus Krishi Nagar, Dharwad,Karnataka ","14.613106","74.837349"
"K0596","Malappuram","Krishi Vigyan Kendra,Kellappaji College of AgricultureEngineering & Technology,Tavanur,Distt. Malappuram","Kerala","=""32""","Malappuram","Malappuram","562","http://kvkmalappuram.kau.in","0494-2686329","0494-2687640","kvkmalappuram@kau.in","679573","ICAR-ATARI  Zone-XI Bangalore","Kerala Agricultural University  , Vellanikkara, KAU P O Thrissur,Kerala ","10.852594","75.986052"
"K0597","Kottayam","Krishi Vigyan Kendra,Regional  Agricultural Research Station,Kumarakom,Distt.-Kottayam","Kerala","=""32""","Kottayam","Kottayam","560","http://kvkkottayam.kau.in/","0481-2523421","481 - 2523120","kvkkottayam@yahoo.com","686563","ICAR-ATARI  Zone-XI Bangalore","Kerala Agricultural University  , Vellanikkara, KAU P O Thrissur,Kerala ","9.627375","76.431592"
"K0598","Kannur","Krishi Vigyan Kendra, Kanhirangad P.O, Taliparamba. Kannur (Dist)","Kerala","=""32""","Kannur","Kannur","557","  kvk.Kannur.icar.gov.in","04602-226087","4602226087","kvkkannur@kau.in","670142","ICAR-ATARI  Zone-XI Bangalore","Kerala Agricultural University  , Vellanikkara, KAU P O Thrissur,Kerala ","12.083129","75.397099"
"K0599","Thrissur","Krishi Vigyan Kendra,KAU P.O, Thrissur","Kerala","=""32""","Thrissur","Thrissur","566","http://kvkthrissur.kau.in/","0487-2375855","NA","kvkthrissur@kau.in","680656","ICAR-ATARI  Zone-XI Bangalore","Kerala Agricultural University  , Vellanikkara, KAU P O Thrissur,Kerala ","10.546884","76.267991"
"K0600","Alappuzha","ICAR-KVK-Alappuzha, ICAR-CPCRI, Regional Station, Kayamkulam, PO. Krishnapuram, Distt. Alappuzha","Kerala","=""32""","Alappuzha","Alappuzha","554","https://www.kvkalappuzha.icar.gov.in","0479-2959268","0479-2959268","kvk.alappuzha@icar.gov.in","690533","ICAR-ATARI  Zone-XI Bangalore","ICAR Central Plantation Crops Research Institute  , Kasaragod,  Kerala","9.149764","76.514069"
"K0601","Kollam","Krishi Vigyan Kendra,Sadanandapuram,Distt. Kollam","Kerala","=""32""","Kollam","Kollam","559","http://kvkkollam.kau.in/","0474-2663599","NA","kvk.Kollam@icar.gov.in","691531","ICAR-ATARI  Zone-XI Bangalore","Kerala Agricultural University  , Vellanikkara, KAU P O Thrissur,Kerala ","8.989487","76.820021"
"K0602","Idukki ","Krishi Vigyan Kendra,Santhanpara,Distt. Idukki","Kerala","=""32""","Idukki ","Idukki","556","http://www.kvkidukki.org","04868-299871","NA","kvk.Idukki@icar.gov.in","685619","ICAR-ATARI  Zone-XI Bangalore","Bapooji Sewak Samaj , Pethotty, Santhanpara, Pin-685619","9.959372","77.221522"
"K0603","Pathanamthitta","ICAR-Krishi Vigyan Kendra, CARD, Kolabhagom P.O., Thadiyoor,Distt. Pathanamthitta","Kerala","=""32""","Pathanamthitta","Pathanamthitta","564","http://www.kvkcard.org","0469-2662094","0469-2662094","kvk.Pathanamthitta@icar.gov.in","689545","ICAR-ATARI  Zone-XI Bangalore","Christian Agency for Rural Development , Christian Agency for Rural Development, Kolabhagom, Thadiyoor, Tiruvalla, Pathanamthitta, Pin-689545","9.22737","76.41268"
"K0604","Kasaragod","ICAR-Krishi Vigyan Kendra, ICAR-CPCRI,PO. Kudlu,Distt. Kasaragod","Kerala","=""32""","Kasaragod","Kasaragod","558","http://www.cpcri.gov.in/index.php/2014-10-14-05-46-20/kasaragod","04994-232993","04994-232322","kvk.kasaragod@icar.gov.in","671124","ICAR-ATARI  Zone-XI Bangalore","ICAR Central Plantation Crops Research Institute  , Kasaragod,  Kerala","12.535428","74.96563"
"K0605","Kozhikode","Krishi Vigyan Kendra,Peruvannamuzhi,Distt. Kozhikode (Calicut)","Kerala","=""32""","Kozhikode","Kozhikode","561","http://www.kvkcalicut.gov.in","496-2966041","496- 2966041","kvkcalicut@gmail.com","673528","ICAR-ATARI  Zone-XI Bangalore","ICAR Indian Institute of Spices Research , PB No. 1701, Marikunnu P O Kozhikode (Calicut), Kerala","11.603876","75.824169"
"K0606","Wayanad","Krishi Vigyan Kendra, Ambalavayal,  Wayanad district. ","Kerala","=""32""","Wayanad","Wayanad","567","http://kvkwayanad.kau.in/","04936 260411","NA","kvkambl@gmail.com","673593","ICAR-ATARI  Zone-XI Bangalore","Kerala Agricultural University  , Vellanikkara, KAU P O Thrissur,Kerala ","11.6165","76.214015"
"K0607","Palakkad","Krishi Vigyan Kendra,Pattambi,Dist. Palghat.","Kerala","=""32""","Palakkad","Palakkad","563","http://kvkpalakkad.kau.in","0466-2212279","0466-2212279","kvkpalakkad@kau.in","679306","ICAR-ATARI  Zone-XI Bangalore","Kerala Agricultural University  , Vellanikkara, KAU P O Thrissur,Kerala ","10.812677","76.190238"
"K0608","Thiruvananthapuram","Krishi Vigyan Kendra,Mitraniketan, Velland, Thiruvananthapuram Distt","Kerala","=""32""","Thiruvananthapuram","Thiruvananthapuram","565","http://www.mitrakvk.org","8281114479","NA","trivandrumkvk@yahoo.co.in","695543","ICAR-ATARI  Zone-XI Bangalore","Mitraniketan , Mitraniketan, Vellanad, Thiruvananthapuram, Pin-695543","8.561812","77.047506"
"K0609","Ernakulam","ICAR-KVK of CMFRI, Narakkal Post, Ernakulam district","Kerala","=""32""","Ernakulam","Ernakulam","555","http://kvkernakulam.org.in/","0484 2972450","NA","kvkernakulam@yahoo.co.in","682505","ICAR-ATARI  Zone-XI Bangalore","ICAR Central Marine Fisheries Research Institute  , Cochin, Ernakulam, Kerala ","9.988287","76.272115"
"K0610","lakshadweep","KVK- Lakshadweep, Second floor, Agricultural Demonstration Unit,Secretariat Road Kavaratti -682555","Lakshadweep","=""31""","lakshadweep","Lakshadweep","553","NA","4896263710","NA","kvklakshadweep@gmail.com","682555","ICAR-ATARI  Zone-XI Bangalore","ICAR Central Marine Fisheries Research Institute  , Cochin, Ernakulam, Kerala ","10.3235","72.354"
"K0611","Puducherry","Kurumbapet","Puducherry","=""34""","Puducherry","Puducherry","600","https://www.kvkpuducherry.org","0413-2271292","(0413) 2271292, 2271352","pkkvk.py@gov.in","605009","ICAR-ATARI  Zone-X Hyderabad","Govt. of Pondichery, Chief Secretariat Bldg , Pondicherry","11.940657","79.766083"
"K0612","Karaikal","Krishi Vigyan Kendra, Madur, Karaikal ","Puducherry","=""34""","Karaikal","Karaikal","598","NA","04368 237700","04368 237700","karaikalkvk@yahoo.com","609607","ICAR-ATARI  Zone-X Hyderabad","Govt. of Pondichery, Chief Secretariat Bldg , Pondicherry","10.924904","79.827191"
"K0613","Ariyalur  ","Krishi Vigyan Kendra, Cholamadevi Post, Jayankondam (via.), Udayarpalayam (Taluk), Ariyalur District, Tamil Nadu   ","Tamil Nadu","=""33""","Ariyalur  ","Ariyalur","610","http://www.kvkariyalur.org","04331-290335","NA","kvk.Ariyalur@icar.gov.in","612902","ICAR-ATARI  Zone-X Hyderabad","CREED , Center for Rural Education and Economic Development (CREED), Ariyalur Dt.Patchaimalagam 23, Aranganatha Nagar (Near Chinna Market – Bus Stand) Chidambaram – 608 001Cuddalore District, Tamil Nadu","11.13706","79.40515"
"K0614","Dharmapuri","Krishi Vigyan Kendra,State Seed Farm,Papparappaty, Pennagaram TkDistt. Dharmapuri","Tamil Nadu","=""33""","Dharmapuri","Dharmapuri","571","http://www.kvkdharmapuri.org","04342-245860, 04342 248040","04342-245860","kvkdpri@tnau.ac.in","636809","ICAR-ATARI  Zone-X Hyderabad","Tamil Nadu Agricultural University  , Coimbatore, Tamil Nadu","12.219464","78.059825"
"K0615","Virudhunagar","Krishi Vigyan Kendra,Regional Research Station,Kovilangulam, Aruppukottai, Virudhunagar-District","Tamil Nadu","=""33""","Virudhunagar","Virudhunagar","597","https://tnau.ac.in/kvk-virudhunagar/","04566-220561","NA","kvkvirudhunagar@tnau.ac.in","626107","ICAR-ATARI  Zone-X Hyderabad","Tamil Nadu Agricultural University  , Coimbatore, Tamil Nadu","9.558602","78.104412"
"K0616","Karur ","Krishi Vigyan Kendra,Pulutheri, R.T.Malai Post, Kulithalai,Distt. Karur","Tamil Nadu","=""33""","Karur ","Karur","576","http://www.skvkk.org","9790020666","NA","skvkk1@gmail.com","621313","ICAR-ATARI  Zone-X Hyderabad","Saraswati Foundation for Rural Development and Training , Saraswathi Foundation for Rural Development and Training, R.T.Malai, Pulutheri, Kulithalai, Karur - 621 313","10.729138","78.418347"
"K0617","Perambalur  ","Krishi Vigyan Kendra,Valikandapuram, Perambalur Dist.","Tamil Nadu","=""33""","Perambalur  ","Perambalur","581","http://www.roeverkvk.res.in","04328-291157","NA","kvkpblr@rediffmail.com","621115","ICAR-ATARI  Zone-X Hyderabad","St John Educational Trust , St. John Sangam Trust Roever Campus, Perambalur – 621212","11.30913","78.915855"
"K0618","Pudukkottai","Krishi Vigyan Kendra,National Pulse Research Centre Campus,Vamban Colony,Distt. Pudukottai","Tamil Nadu","=""33""","Pudukkottai","Pudukkottai","582","https://tnau.ac.in/kvk-pudukottai/","04322 - 290321","NA","kvkvamban@tnau.ac.in","622303","ICAR-ATARI  Zone-X Hyderabad","Tamil Nadu Agricultural University  , Coimbatore, Tamil Nadu","11.3","78.902084"
"K0619","Ramanathapuram","ICAR - Krishi Vigyan Kendra, Kuyavankudi (Agrl. Farm), Ramanathapuram","Tamil Nadu","=""33""","Ramanathapuram","Ramanathapuram","583","http://www.kvkramnad.in","NA","NA","ramnadkvk@tnau.ac.in","623536","ICAR-ATARI  Zone-X Hyderabad","Tamil Nadu Agricultural University  , Coimbatore, Tamil Nadu","9.363872","78.869866"
"K0620","Kanyakumari","Krishi Vigyan Kendra, Agriculture Research Station, Thirupathisaram, Kanyakumari District","Tamil Nadu","=""33""","Kanniyakumari","Kanniyakumari","575"," tnau.ac.in/kvk-kanyakumari","04652-275759","04652-275758","kvkppi@tnau.ac.in","629901","ICAR-ATARI  Zone-X Hyderabad","Tamil Nadu Agricultural University  , Coimbatore, Tamil Nadu","8.210535","77.452455"
"K0621","Villupuram 1","Krishi Vigyan Kendra,Oilseeds Research Station, Tindivanam,Distt. Villupuram","Tamil Nadu","=""33""","Viluppuram","Viluppuram","596","https://tnau.ac.in/site/kvk-villupuram/","04147-250001","NA","kvktvm@tnau.ac.in","604102","ICAR-ATARI  Zone-X Hyderabad","Tamil Nadu Agricultural University  , Coimbatore, Tamil Nadu","12.236884","79.649951"
"K0622","Madurai","Krishi Vigyan Kendra, Agricultural College & Research Institute, Madurai","Tamil Nadu","=""33""","Madurai","Madurai","578","http://www.kvkmdu.org/","0452-2422955","NA","kvkmdu@tnau.ac.in","625104","ICAR-ATARI  Zone-X Hyderabad","Tamil Nadu Agricultural University  , Coimbatore, Tamil Nadu","9.969856","78.203998"
"K0623","Vellore"," Krishi Vigyan Kendra, Vellore District ","Tamil Nadu","=""33""","Vellore","Vellore","595","http://kvkvellore.org/","0416-2900142","NA","kvkvrinjipuram@tnau.ac.in","632104","ICAR-ATARI  Zone-X Hyderabad","Tamil Nadu Agricultural University  , Coimbatore, Tamil Nadu","12.921452","79.010225"
"K0624","Thiruvarur","Krishi Vigyan Kendra, Needamangalam Taluk, Thiruvarur","Tamil Nadu","=""33""","Thiruvarur","Thiruvarur","590","http://www.kvkthiruvarur.com","04367 260666","04367 261444","kvkndm@tnau.ac.in","614404","ICAR-ATARI  Zone-X Hyderabad","Tamil Nadu Agricultural University  , Coimbatore, Tamil Nadu","10.772139","79.408559"
"K0625","Thiruvallur","Krishi Vigyan Kendra,Tirur, Tiruvallur District","Tamil Nadu","=""33""","Thiruvallur","Thiruvallur","589","http://www.kvktirur.org","044-27620705","044-27620705","kvktirur@tnau.ac.in","602025","ICAR-ATARI  Zone-X Hyderabad","Tamil Nadu Agricultural University  , Coimbatore, Tamil Nadu","13.118405","79.957076"
"K0626","Nagapattinam  ","Krishi Vigyan Kendra, Sikkal, Nagapattinam District","Tamil Nadu","=""33""","Nagapattinam  ","Nagapattinam","579","www.kvknagapattinam.co.in","04365 299806","04365 299806","kvksikkal@tnfu.ac.in","611108","ICAR-ATARI  Zone-X Hyderabad","Tamil Nadu Dr.J.Jayalalithaa Fisheries University , Vettar River View Campus, Nagapattinam","10.754979","79.799353"
"K0627","Namakkal   ","Krishi Vigyan Kendra,Veterinary College & Research Institute,Distt. Namakkal","Tamil Nadu","=""33""","Namakkal   ","Namakkal","580","http://www.kvknamakkal.com","4286266144","4286266650","kvk.namakkal2004@gmail.com","637002","ICAR-ATARI  Zone-X Hyderabad","Tamil Nadu Veterinary and Animal Sciences University , Madhavaram Milk Colony Chennai,Tamil Nadu","11.154987","78.161845"
"K0628","Sivaganga","Krishi Vigyan Kendra,Kundrakudi,Distt. Shivagangai","Tamil Nadu","=""33""","Sivaganga","Sivaganga","585","http://www.kvksivaganga.in","04577-264288","04577-264288","kvk-kundrakudi@tanuvas.org.in","630206","ICAR-ATARI  Zone-X Hyderabad","Tamil Nadu Veterinary and Animal Sciences University , Madhavaram Milk Colony Chennai,Tamil Nadu","10.112801","78.698483"
"K0630","Thoothukudi","ICAR - KVK Thoothukudi, Mudivaithanendal Post, Vagaikulam, Thoothukudi Dist, Tamilnadu","Tamil Nadu","=""33""","Thoothukkudi","Thoothukkudi","594","http://www.scadkvk.org","0461 - 2269306","0461 - 2269306","pcscadkvk@gmail.com","628102","ICAR-ATARI  Zone-X Hyderabad","SCAD , Social Change And Development (SCAD) 103A1, North Bypass Road, Vannarpettai, Tirunelveli – 627003, Tamilnadu","8.736959","78.014517"
"K0631","Salem","Krishi Vigyan Kendra,Sandhiyur, Mallur via, Salem Dist.","Tamil Nadu","=""33""","Salem","Salem","584","https://tnau.ac.in/kvk-salem/","0427-2422550","0427 2422269","kvkmallur@tnau.ac.in","636203","ICAR-ATARI  Zone-X Hyderabad","Tamil Nadu Agricultural University  , Coimbatore, Tamil Nadu","11.567121","78.140291"
"K0632","Theni  ","Krishi Vigyan Kendra,Kamatchipuram, Theni District ","Tamil Nadu","=""33""","Theni  ","Theni","588","www.kvktheni.org.in","4546247564","4546247564","cendectkvk@rediffmail.com","625520","ICAR-ATARI  Zone-X Hyderabad","Centre for Deve. & Communication Trust , Centre for Development and Education Trust (CENDECT), Kamatchipuram (S.O), Theni District Tamil Nadu – 625 520","9.866695","77.453109"
"K0633","Tirunelveli ","Krishi Vigyan Kendra,Urmelalagian, Ayikudi (Po), Kadayanallur (Tk.)","Tamil Nadu","=""33""","Tirunelveli ","Tirunelveli","592","http://www.rvskvk.org/","4633292500","NA","tirunelvelikvk@gmail.com","627852","ICAR-ATARI  Zone-X Hyderabad","RVS Education Trust , RVS Educational Trust, 242, B Trichy Road Sulur, Coimbatore District – 641402","9.0779","77.3452"
"K0634","Krishnagiri","ICAR - Krishi Vigyan Kendra, Elumichangiri, Mallinayanapalli (PO) Krishnagiri Taluk & District","Tamil Nadu","=""33""","Krishnagiri","Krishnagiri","577","http://www.krishnagirikvk.org/","4343291944","NA","drperumalkvk@gmail.com","635120","ICAR-ATARI  Zone-X Hyderabad","Tamilnadu Board of Rural Development , Tamil Nadu Board of Rural Development 24, IInd Floor Crescent Park Street, T.Nagar Chennai – 600 01","12.577748","78.264821"
"K0635","Tiruvannamalai","Senior Scientist and Head, ICAR Krishi Vigyan Kendra, Kilnelli Village,Chithathur Post Vembakkam taluk, Tiruvannamalai District Tamil Nadu","Tamil Nadu","=""33""","Tiruvannamalai","Tiruvannamalai","593","http://www.kvkthiruvannamalai.com","6384093303","NA","kvktvmalai91@gmail.com","604410","ICAR-ATARI  Zone-X Hyderabad","Tamilnadu Board of Rural Development , Tamil Nadu Board of Rural Development 24, IInd Floor Crescent Park Street, T.Nagar Chennai – 600 01","12.750205","79.615095"
"K0636","Erode","Krishi Vigyan Kendra, 272 Perumal Nagar, Puduvalliampalayam Road, Kalingiyam Post, Gobichettipalayam Taluk","Tamil Nadu","=""33""","Erode","Erode","573","http://www.myradakvk.org","9486077454","NA","myradakvk@gmail.com","638453","ICAR-ATARI  Zone-X Hyderabad","MYRADA , MYRADA, No.2 Service Road, Domlur Layout, Bangalore – 560 071","11.454069","77.398657"
"K0637","Dindigul","Krishi Vigyan Kendra,Gandhigram Rural Institute(Deemed to be   University), Gandhigram","Tamil Nadu","=""33""","Dindigul","Dindigul","572","http://icarkvkdindigul.org/","0451 -2452168","0451-2454466","kvkdindigulpc@gmail.com","624302","ICAR-ATARI  Zone-X Hyderabad","Gandhigram Rural Institute ,  Gandhigram, DindigulTamil Nadu ","10.280178","77.934495"
"K0638","Cuddalore","Krishi Vigyan Kendra,Vridhachalam, Cuddalore District","Tamil Nadu","=""33""","Cuddalore","Cuddalore","570","http://www.kvkcuddalore.com","4143238353","4143238353","kvkvri@tnau.ac.in","606001","ICAR-ATARI  Zone-X Hyderabad","Tamil Nadu Agricultural University  , Coimbatore, Tamil Nadu","11.550406","79.046753"
"K0639","Kancheepuram","Krishi Vigyan Kendra, Kattupakkam - 603203, Kattankulathur Post, Chengalpattu District","Tamil Nadu","=""33""","Kancheepuram","Kancheepuram","574","NA","9940542371","NA","kvk-kattupakkam@tanuvas.org.in","603203","ICAR-ATARI  Zone-X Hyderabad","Tamil Nadu Veterinary and Animal Sciences University , Madhavaram Milk Colony Chennai,Tamil Nadu","12.816295","80.034636"
"K0640","The Nilgiris","Woodhouse Farm, Doddabetta, Ooty ","Tamil Nadu","=""33""","The Nilgiris","The Nilgiris","587","www.tnau.ac.in/kvknilgiris","0423-2449382","NA","kvkooty@tnau.ac.in","643002","ICAR-ATARI  Zone-X Hyderabad","Tamil Nadu Agricultural University  , Coimbatore, Tamil Nadu","11.252651","76.432185"
"K0641","Coimbatore","Krishi Vigyan Kendra,PO. Vivekanandapuram,Seeliyur, Karamadai Block,Distt. Coimbatore","Tamil Nadu","=""33""","Coimbatore","Coimbatore","569","http://www.avinashilingamkvk.org","04254 - 297820","NA","sakvk.cbe@rediffmail.com","641113","ICAR-ATARI  Zone-X Hyderabad","The Avinashilingam Education Trust , Vivekanandapuram Post, Seeliyur (Via), Karamadai Block, Coimbatore District 641113, TamilNadu","11.238937","76.880093"
"K0642","Tiruchirappalli","Krishi Vigyan Kendra,Sirugamani,Distt. Trichirappali","Tamil Nadu","=""33""","Tiruchirappalli","Tiruchirappalli","591","https://tnau.ac.in/site/kvk-trichy/","0431-2962854","NA","kvksgm@tnau.ac.in","639115","ICAR-ATARI  Zone-X Hyderabad","Tamil Nadu Agricultural University  , Coimbatore, Tamil Nadu","10.896628","78.526363"
"K0643","Chirang","Krishi Vigyan Kendra, Chirang, Assam Agricultural University, Kajalgaon,Distt. Chirang, (BTAD) Assam, India 783385 ","Assam","=""18""","Chirang","Chirang","612","https://kvkchirang.aau.ac.in/","NA","NA","kvk_chirang@aau.ac.in","783385","ICAR-ATARI  Zone-VI Guwahati","Assam Agricultural University , Jorhat, Assam","26.528953","90.502277"
"K0644","Uttar Dinajpur","P.O. Chopra, Uttar Dinajpur","West Bengal","=""19""","Uttar Dinajpur","Uttar Dinajpur","311","http://www.udkvk.in/","NA","NA","udpkvk@gmail.com","733207","ICAR-ATARI  Zone-V Kolkata","Uttar Banga Krishi Vishwa Vidyalaya , Pundibari-Coochbehar","26.379171","88.310959"
"K0645","East Medinipur","Mulakhop, P.O- Dayaldasi, Block-Nandakumar, Dist-Purba Medinipur","West Bengal","=""19""","Purba Medinipur","Purba Medinipur","317","http://www.purbamedinipurkvk.org/","3228295242","NA","purbamedinipurkvk@gmail.com","721632","ICAR-ATARI  Zone-V Kolkata","Bidhan Chandra Krishi Viswavidyalaya  , Mohanpur, Nadia, West Bengal","22.179374","87.870861"
"K0646","Morbi","Krishi Vigyan Kendra, Gorkhijadia, Morbi,Gujarat","Gujarat","=""24""","Morbi","Morbi","673","http://www.jau.in/index.php/extension-40/krishi-vigyan-kendras-kvks/morbi , https://hemangidmehta.wixsite.com/website","NA","NA","kvkmorbi@gmail.com","363641","ICAR-ATARI  Zone-VIII Pune","Junagarh Agricultural University , Junagarh, Gujarat","22.812676","70.822805"
"K0647","Raipur","Krishi Vigyan Kendra, Raipur,Chahattisgarh","Chhattisgarh","=""22""","Raipur","Raipur","387","http://www.kvkraipurcg.org/","NA","NA","kvkraipur@gmail.com","492012","ICAR-ATARI  Zone-IX Jabalpur","Indira Gandhi Krishi Vishwavidyalaya , Raipur (CG) ","21.238252","81.704839"
"K0648","Vijayapura2","ICAR-Krishi Vigyan Kendra Station Road Indi,  & Dist  Vijayapura, Karnataka","Karnataka","=""29""","Vijayapura","Vijayapura","530","www.kvkvijayapura2.com","08359-200010","08359-295705","kvkindi@uasd.in","586209","ICAR-ATARI  Zone-XI Bangalore","University of Agril. Sciences  , Yettineyudda Campus Krishi Nagar, Dharwad,Karnataka ","13.2967","77.800809"
"K0649","Peren","Krishi Vigyan Kendra, Jalukie, Peren District,Nagaland","Nagaland","=""13""","Peren","Peren","613","NA","NA","NA","kvkperen@gmail.com","797110","ICAR-ATARI  Zone-VII Barapani","ICAR Research Complex for NEH Region , Umroi Road, Umiam, Barapani","25.571173","93.729945"
"K0650","North 24 Parganas 2","North Farm of ICAR-CRIJAF, Nilganj, Barrackpore, North 24 Parganas, PIN-700121","West Bengal","=""19""","North Twenty Four Parganas","North 24 Parganas","303","http://www.crijaf.org.in/kvk2/KVK-N24Prg.htm","NA","NA","kvkn24prg2@gmail.com","700121","ICAR-ATARI  Zone-V Kolkata","ICAR CRIJAF , Barrackpore, West Bengal","22.45","88.26"
"K0651","Fazilka","Krishi Vigyan Kendra,Fazilka (Abohar),Punjab","Punjab","=""3""","Fazilka","Fazilka","651","www.kvkfazilka.com","01634-224024","01634-225313","arvind.ahlawat@icar.gov.in","152116","ICAR-ATARI  Zone-I Ludhiana","ICAR - CENTRAL INSTITUTE OF POST-HARVEST ENGINEERING & TECHNOLOGY , ICAR-CIPHET Abohar, Punjab","30.403959","74.026497"
"K0652","Gorakhpur 2","Mahayogi Gorakhnath Krishi Vigyan Kendra, Chaukmafi,Peppeganj, Gorakhpur, Uttar pradesh","Uttar Pradesh","=""9""","Gorakhpur","Gorakhpur","148","http://www.mgkvk.in","NA","NA","gorakhpurkvk2@gmail.com","273165","ICAR-ATARI  Zone-III Kanpur","Guru Gorakhnath Sewa Sansthan , Guru Gorakhnath Sewa Sansthan, Gorakhpur","26.9308","83.2386"
"K0653","Malda 2","ICAR-CISH-Krishi Vigyan Kendra,  Madhav Nagar, Malda, West Bengal","West Bengal","=""19""","Maldah ","Malda","316","NA","NA","NA","kvkcishmalda@gmail.com","732103","ICAR-ATARI  Zone-V Kolkata","ICAR Central Institute of Sub Tropical Horticulture, Lucknow regional station , ICAR-CISH Lucknow regional station, Malda","24.58482","88.08413"
"K0655","Durg 2","Krishi Vigyan Kendra (IGKV), P.O.-Pahanda(A), Block-Patan, PIN - 490042, Distt.  Durg.(C.G.)","Chhattisgarh","=""22""","Durg","Durg","378","NA","NA","NA","kvkdurgigkv@gmail.com","490042","ICAR-ATARI  Zone-IX Jabalpur","Indira Gandhi Krishi Vishwavidyalaya , Raipur (CG) ","21.210427","81.543624"
"K0656","Nadia 2","Eastern Regional Station, ICAR-NDRI, Kalyani, Distt.- Nadia, West Bengal","West Bengal","=""19""","Nadia ","Nadia","320","NA","3325828264","NA","sanjayray2006@gmail.com","741235","ICAR-ATARI  Zone-V Kolkata","ICAR National Dairy Research Institute , Karnal","22.9726","88.4929"
"K0657","Bemetara","Krishi Vigyan Kendra, Jhal, Bemetara District- Bemetara (Chhattisgarh) 491335","Chhattisgarh","=""22""","Bemetara","Bemetara","650","http://kvkbemetaraigkv.org/","NA","NA","kvk.bemetara@igkv.ac.in","491335","ICAR-ATARI  Zone-IX Jabalpur","Indira Gandhi Krishi Vishwavidyalaya , Raipur (CG) ","21.8073","81.558968"
"K0658","East Garo Hills","MEGAGRE","Meghalaya","=""17""","East Garo Hills","East Garo Hills","273","NA","NA","NA","caukvkeastgarohills@gmail.com","794111","ICAR-ATARI  Zone-VII Barapani","Central Agricultural University , Iroishemba, Imphal, Manipur","25.6193","90.4647"
"K0659","South Garo Hills","Dagal Gopgre, Chokpot.","Meghalaya","=""17""","South Garo Hills","South Garo Hills","277","NA","NA","NA","caukvksouthgarohills@gmail.com","794005","ICAR-ATARI  Zone-VII Barapani","Central Agricultural University , Iroishemba, Imphal, Manipur","25.29851","90.60348"
"K0660","Kiphire","KVK,Kiphire, ICAR for NEH Region, Nagaland Centre","Nagaland","=""13""","Kiphire","Kiphire","614","NA","NA","NA","kvkkiphire2017@gmail.com","798611","ICAR-ATARI  Zone-VII Barapani","Indian Council of Agricultural Research HQ , Indian Council of Agricultural Research, Krishi Anusandhan Bhawan-I,Pusa, New Delhi","25.89","94.78"
"K0661","Gomati","Rangkang","Tripura","=""16""","Gomati","Gomati","654","NA","NA","NA","kvkgomati@gmail.com","799101","ICAR-ATARI  Zone-VII Barapani","State Department of Agriculture,Govt. of  Tripura , Agartala","23.5089","91.6588"
"K0662","West Tripura","Krishi Vigyan Kendra, West Tripura, Belbari","Tripura","=""16""","West Tripura ","West Tripura","272","NA","NA","NA","kvkwesttripurajirania@gmail.com","799045","ICAR-ATARI  Zone-VII Barapani","ICAR Research Complex for NEH Region , Umroi Road, Umiam, Barapani","NULL","NULL"
"K0663","Yadgir","Kawadimatti 585 224 Taluk: Shorapur Dist: Yadgir","Karnataka","=""29""","Yadgir","Yadgir","635","kvkyadgir.com","NA","NA","KVK.Yadgir@icar.gov.in","585224","ICAR-ATARI  Zone-XI Bangalore","University of Agricultural Sciences , P. B. No. 329 Raichur,Karnataka","16.492844","76.749779"
"K0665","Mungeli","Krishi Vigyan Kendra, Mungeli, Nirjam Road, Chatarkhar, District: Mungeli (Chhattisgarh)","Chhattisgarh","=""22""","Mungeli","Mungeli","647","www.kvkmungelicg.in","NA","NA","kvkmungeli2017@gmail.com","495334","ICAR-ATARI  Zone-IX Jabalpur","Indira Gandhi Krishi Vishwavidyalaya , Raipur (CG) ","22.1564","81.383"
"K0666","Anuppur","Indira Gandhi National Tribal University,Lalpur,Amarkantak,(M.P.)","Madhya Pradesh","=""23""","Anuppur","Anuppur","390","NA","7629269877","NA","kvkanuppur@gmail.com","484887","ICAR-ATARI  Zone-IX Jabalpur","Indian Council of Agricultural Research HQ , Indian Council of Agricultural Research, Krishi Anusandhan Bhawan-I,Pusa, New Delhi","22.803673","81.752244"
"K0667","Alirajpur","Near New Collectorate building, Dahod Road, Alirajpur","Madhya Pradesh","=""23""","Alirajpur","Alirajpur","639","NA","7394233581","NA","kvkalirajpur18@gmail.com","457887","ICAR-ATARI  Zone-IX Jabalpur","Rajmata Vijayaraje Scindia Krishi Vishwa Vidyalay , Gwalior","22.317189","74.355968"
"K0668","Singrauli","Singrauli (MP)","Madhya Pradesh","=""23""","Singrauli","Singrauli","638","http://jnkvv.org/JNKVV_EXTENSION/EXTENSION_KVK_Index.aspx?CC=2012","NA","NA","kvksingrauli.2017@rediffmail.com","486886","ICAR-ATARI  Zone-IX Jabalpur","Jawaharlal Nehru Krishi VishwaVidyalaya, , Jabalpur","24.19921","82.664547"
"K0669","Govindnagar Bankhedi","Krishi Vigyan Kendra  Govindnagar ,Paliya-Pipariya, Govindnagar,Tah- Bankhedi,Dist- Narmadapuram  M.P.","Madhya Pradesh","=""23""","Hoshangabad","Narmadapuram","409","http://kvkhoshangabad.com/","9644182002","NA","kvkgovindnagar2017@gmail.com","461990","ICAR-ATARI  Zone-IX Jabalpur","Bhau Sahab Bhuskute Smriti Lok Nyas , Bhau Sahab Bhuskute Smriti Lok Nyas, Paliya Pipariya, Govindnagar, Teh- Bankhedi,District- Hoshangabad (M.P.) 461990","22.7977","78.548"
"K0670","Pathankot (Gho)","KVK Pathankot,VPO-Gho","Punjab","=""3""","Pathankot","Pathankot","662","NA","1870256005","NA","kvk-pathankot@pau.edu","145023","ICAR-ATARI  Zone-I Ludhiana","PAU , Ludhiana","32.1919","75.3935"
"K0671","Kondagaon","Village - Purvi Borgaon, NH-30, Block - Pharasgaon, District - Kondagaon (C.G.) 494 229","Chhattisgarh","=""22""","Kondagaon","Kondagaon","643","NA","NA","NA","kvkkondagaonigkv@gmail.com","494229","ICAR-ATARI  Zone-IX Jabalpur","Indira Gandhi Krishi Vishwavidyalaya , Raipur (CG) ","19.11","81.17"
"K0672","Sukma","Sukma, Chhattsgarh","Chhattisgarh","=""22""","Sukma","Sukma","642","http://www.kvksukma.in/","NA","NA","kvk.sukma@igkv.ac.in","494111","ICAR-ATARI  Zone-IX Jabalpur","Indira Gandhi Krishi Vishwavidyalaya , Raipur (CG) ","18.387445","81.655742"
"K0675","Visakhapatnam 2","ICAR-Krishi Vigyan Kendra, Kondempudi, Visakhapatnam District.","Andhra Pradesh","=""28""","Visakhapatnam","Visakhapatnam","520","NA","NA","NA","kvk.kondempudi@angrau.ac.in","531026","ICAR-ATARI  Zone-X Hyderabad","Acharya NG Ranga Agril. University  , Rajendranagar, Hyderabad","17.8008","82.8285"
"K0676","Kadapa Vonipenta","KRISHI VIGYAN KENDRA","Andhra Pradesh","=""28""","Y.S.R.","Y.S.R.","504","NA","NA","NA","kvkvpt@drysrhu.edu.in","516173","ICAR-ATARI  Zone-X Hyderabad","Dr. Y S Rajasekar Reddy Horticultural University , Venkataramanagudem West Godavari, Andhra Pradesh","14.7915","78.7795"
"K0677","Mancherial","Krishi Vigyan Kendra,Bellampalli,Mancherial","Telangana","=""36""","MANCHERIAL","Mancherial","684","NA","8735299999","NA","kvkbellampalli@gmail.com","504251","ICAR-ATARI  Zone-X Hyderabad","Prof. Jayashankar Telangana State Agricultural Uni , Rajendranagar, Hyderabad,Telangana State","90.7378","79.5196"
"K0678","Kothagudem","Krishi Vigyan Kendra,Garimellapadu Village, Bhadradri Kothagudem  Dist.","Telangana","=""36""","Khammam","Khammam","509","www.pjtsau.edu.in","NA","NA","kvkkothagudem2@gmail.com","507118","ICAR-ATARI  Zone-X Hyderabad","Prof. Jayashankar Telangana State Agricultural Uni , Rajendranagar, Hyderabad,Telangana State","17.509524","80.641241"
"K0679","Medak 2","Krishi Vigyan Kendra,Tuniki Village, Kowdipally Mandal, Medak Dist.","Telangana","=""36""","Medak","Medak","513","http://www.kvkmedak.org/","NA","NA","kvkmedak2@gmail.com","502316","ICAR-ATARI  Zone-X Hyderabad","Ekalavya Foundation , Ekalavya Foundation, 1-8-522/7, Chikkadapally, Hyderabad – 500020","17.4851","78.1438"
"K0680","Mainpat","Krishi Vigyan Kendra Mainpat,Village-Barima,Post-Kamleshwarpur,Block-Mainpat,Distt-Surguja(CG)","Chhattisgarh","=""22""","Surguja","Surguja","389","http://www.kvkmainpat.org","NA","NA","kvkmainpat@gmail.com","497111","ICAR-ATARI  Zone-IX Jabalpur","Indira Gandhi Krishi Vishwavidyalaya , Raipur (CG) ","23.02333333","83.47027778"
"K0681","Balod","Krishi Vigyan Kendra Balod, Aroud,Balod(C.G.)","Chhattisgarh","=""22""","Balod","Balod","646","http://balod.kvkcg.in","NA","NA","kvkbalod@gmail.com","491226","ICAR-ATARI  Zone-IX Jabalpur","Indira Gandhi Krishi Vishwavidyalaya , Raipur (CG) ","20.8078","81.2408"
"K0682","Agar Malwa","Krishi Vigyan Kendra, Agar Malwa (MP)","Madhya Pradesh","=""23""","Agarmalwa","Agar-Malwa","667","NA","7362299106","NA","kvkagarmalwa@rediffmail.com","465441","ICAR-ATARI  Zone-IX Jabalpur","Rajmata Vijayaraje Scindia Krishi Vishwa Vidyalay , Gwalior","23.673694","75.993991"
"K0683","Badnapur (Jalna2)","Krishi Vigyan Kendra, Badnapur Tq. Badnapur","Maharashtra","=""27""","Jalna","Jalna","479","NA","02482-261021","NA","kvk.jalna2@gmail.com","431202","ICAR-ATARI  Zone-VIII Pune","Marathwada Krishi Vidyapeeth , Parbhani","19.867734","75.702034"
"K0684","Kolhapur 2","Kaneri, Taluka: Karveer, Dist. Kolhapur","Maharashtra","=""27""","Kolhapur","Kolhapur","480","https://kvkkolhapur2.icar.gov.in","0231-2950401","NA","kvk.kolhapur2@icar.gov.in","416234","ICAR-ATARI  Zone-VIII Pune","Shri Siddhagiri Math , Kolhapur, Maharashtra","16.615275","74.263444"
"K0685","Sepahijala","Ashok colony, Hirapur, Latiacherra, District-Sepahijala, Tripura 799103","Tripura","=""16""","Sepahijala","Sepahijala","653","NA","NA","NA","pckvk.sepahijala@gmail.com","799103","ICAR-ATARI  Zone-VII Barapani","Central Agricultural University , Iroishemba, Imphal, Manipur","23.650783","91.371271"
"K0686","Udaipur 2","In front of Veterinary College Navaniya Road Vallabhnagar,District–Udaipur,Rajasthan","Rajasthan","=""8""","Udaipur","Udaipur","117","www.mpuat.ac.in","NA","NA","Kvkudaipur2@gmail.com","313601","ICAR-ATARI  Zone-II Jodhpur","Maharana Pratap University of Agriculture & Techn , Udaipur","24.6279103","73.6827221"
"K0687","Murshidabad 2 (Dhaanyaganga)","Ramakrishna Mission Ashrama,P.O.-Sargachhi Ashrama,P.S.-Beldanga","West Bengal","=""19""","Murshidabad ","Murshidabad","319","NA","NA","NA","rkmveri.kvksargachhi@gmail.com","742408","ICAR-ATARI  Zone-V Kolkata","Ramakrishna Mission Vivekananda University , PO Belur Math, Howrah, West Bengal","24.1832394","88.2405561"
"K0688","Tiruppur","Krishi Vigyan Kendra, Pongalur, Palladam Taluk, Devanampalayam Po, Tiruppur - 641 667","Tamil Nadu","=""33""","Tiruppur","Tiruppur","634","http://kvktirupur.org","+91 4255296644, +91 4255296155","+91 422 6611521","kvktiruppur@tnau.ac.in","641667","ICAR-ATARI  Zone-X Hyderabad","Tamil Nadu Agricultural University  , Coimbatore, Tamil Nadu","10.5833","77.2127"
"K0689","Lakhimpur Kheri-II","ICAR-  Krishi Vigyan Kendra-II, Manjhra Farm, Nighasan Road, Lakhimpur-Kheri 262701 (U.P)","Uttar Pradesh","=""9""","Kheri","Kheri","159","NA","NA","NA","kvklakhimpur2@gmail.com","261506","ICAR-ATARI  Zone-III Kanpur","ICAR Indian Institute of Sugarcane Research , Raebareili Road, (P.O) Dilkusha, Lucknow,Uttar Pradesh ","27.979849","80.753632"
"K0690","Bhilwara 2","Village and Post Arniya Ghoda, PS Shahpura,District-Bhilwara","Rajasthan","=""8""","Bhilwara","Bhilwara","92","NA","NA","NA","kvkbhilwara2@gmail.com","311404","ICAR-ATARI  Zone-II Jodhpur","Maharana Pratap University of Agriculture & Techn , Udaipur","25.669","74.9104"
"K0691","Dhar 2","Semalda Road, Manawar, Dhar (M.P.)","Madhya Pradesh","=""23""","Dhar","Dhar","403","www.kvkmanawar.org ","NA","NA","kvk.manawar@rvskvv.net","454446","ICAR-ATARI  Zone-IX Jabalpur","Rajmata Vijayaraje Scindia Krishi Vishwa Vidyalay , Gwalior","22.18915","74.971268"
"K0692","Chhindwara 2","KVK Tamia , Delakhari, Chhindwara","Madhya Pradesh","=""23""","Chhindwara","Chhindwara","399","NA","NA","NA","kvktamia@rediffmail.com","480559","ICAR-ATARI  Zone-IX Jabalpur","Jawaharlal Nehru Krishi VishwaVidyalaya, , Jabalpur","20.8725","79.173889"
"K0693","Villupuram 2","ICAR-Krishi Vigyan Kendra (Villupuram-II), Kalasamuthiram,Chinnasalem (TK),Villupuram District","Tamil Nadu","=""33""","Viluppuram","Viluppuram","596","http://www.tanuvas.ac.in/dir_ee.html","NA","NA","kvk-villupuram-2@tanuvas.org.in","606301","ICAR-ATARI  Zone-X Hyderabad","Tamil Nadu Veterinary and Animal Sciences University , Madhavaram Milk Colony Chennai,Tamil Nadu","11.570278","78.862778"
"K0694","Ghazipur 2","Ankushpur","Uttar Pradesh","=""9""","Ghazipur","Ghazipur","146","NA","NA","NA","kvkghazipur2@gmail.com","233001","ICAR-ATARI  Zone-III Kanpur","Narendra Deva University of Agriculture & Technol , Kumarganj, Dist.Faizabad","25.560651","83.462897"
"K0695","Amethi","Krishi Vigyan Kendra, Kathuara, PO-Kathaura (Jagdishpur Industrial  Estate), Distt. AMETHI, Uttar Pradesh","Uttar Pradesh","=""9""","Amethi","Amethi","640","http://amethi.kvk4.in","NA","NA","kvkamethi@gmail.com","227817","ICAR-ATARI  Zone-III Kanpur","Narendra Deva University of Agriculture & Technol , Kumarganj, Dist.Faizabad","26.50538","81.5293"
"K0696","Lahaul & Spiti 2","Krishi Vigyan Kendra Lahaul and Spiti-II, VPO - Tabo, Tehsil Kaza","Himachal Pradesh","=""2""","Lahul & Spiti","Lahaul And Spiti","21","http://www.yspuniversity.ac.in/kvk-tabo/","NA","NA","kvktabo@yspuniversity.ac.in","172113","ICAR-ATARI  Zone-I Ludhiana","YSPUH&F , Solan","32.0875","78.3983"
"K0697","East Champaran 2","Vill- Parsauni, P.O-Nauwadih, Block- Paharpur","Bihar","=""10""","Purba Champaran","Purbi Champaran","213","NA","NA","NA","head.kvk.parsauni@rpcau.ac.in","845458","ICAR-ATARI  Zone-IV Patna","Dr. Rajendra Prasad Central Agriculture University , Pusa, Samastipur, Bihar","26.624313","84.615968"
"K0698","West Champaran 2","KVK, Narktiaganj, Vill-Narkatia, P.O-Narkatiaganj, Block-Narkatiaganj, West Champaran","Bihar","=""10""","Pashchim Champaran","Pashchim Champaran","211","NA","NA","NA","head.kvk.narkatiyaganj@rpcau.ac.in","845455","ICAR-ATARI  Zone-IV Patna","Dr. Rajendra Prasad Central Agriculture University , Pusa, Samastipur, Bihar","27.10064","84.488267"
"K0699","Samastipur 2","KVK, Lada,Village-Lada P.O.- Singhia II Block- Singhia Samastipur","Bihar","=""10""","Samastipur","Samastipur","217","NA","NA","NA","head.kvk.lada@rpcau.ac.in","848209","ICAR-ATARI  Zone-IV Patna","Dr. Rajendra Prasad Central Agriculture University , Pusa, Samastipur, Bihar","25.8849","86.1256"
"K0700","Madhubani 2","KVK,Sukhet,Village-Sukhet, Post-Sukhet ,Block-Jhanjharpur Madhubani, 847 404","Bihar","=""10""","Madhubani","Madhubani","206","NA","NA","NA","head.kvk.sukhet@rpcau.ac.in","847404","ICAR-ATARI  Zone-IV Patna","Dr. Rajendra Prasad Central Agriculture University , Pusa, Samastipur, Bihar","26.280215","86.310871"
"K0701","Gaya 2","Village+PO-Amas,Dist-Gaya","Bihar","=""10""","Gaya","Gaya","196","NA","NA","NA","kvkamasgaya@gmail.com","824219","ICAR-ATARI  Zone-IV Patna","Bihar Agricultural University , Bhagalpur, Bihar","24.61361111","84.66916667"
"K0702","Muzaffarpur Additional","Krishi Vigyan Kendra, Turki, Muzaffarpur-II (Bihar) 844127","Bihar","=""10""","Muzaffarpur","Muzaffarpur","208","https://muraul.kvk4.in/","9414856397","9414856397","head.kvk.turki@rpcau.ac.in","844127","ICAR-ATARI  Zone-IV Patna","Dr. Rajendra Prasad Central Agriculture University , Pusa, Samastipur, Bihar","26.0136","85.5868"
"K0703","Hapur","Krishi Vigyan Kendr, Babugarh, Hapur (U.P.)","Uttar Pradesh","=""9""","Hapur","Hapur","661","https://hapur.kvk4.in/","NA","NA","hapurkvk@gmail.com","245101","ICAR-ATARI  Zone-III Kanpur","Sardar Vallabhbhai Patel University of Agricultur , Modipuram, Dist.Meerut, Uttar Pradesh ","28.723611","77.846944"
"K0704","Samba","Sumb Road, Arazi, Samba","Jammu and Kashmir","=""1""","Samba","Samba","624","NA","NA","NA","kvksamba@gmail.com","184121","ICAR-ATARI  Zone-I Ludhiana","SKUAST , Jammu ","32.55","75.116666"
"K0705","Shravasti","Krishi Vigyan Kendra PO- Sirsiya District- Shravasti, Uttar Pradesh","Uttar Pradesh","=""9""","Shrawasti","Shrawasti","181","cms.kvk4.in","NA","NA","shravastikvk@gmail.com","271840","ICAR-ATARI  Zone-III Kanpur","Narendra Deva University of Agriculture & Technol , Kumarganj, Dist.Faizabad","27.70905","82.23156"
"K0706","Amroha","Krishi Vigyan Kendra, Rajkiye Krishi Farm, Gajraula, Distt. Amroha (U.P.)","Uttar Pradesh","=""9""","Amroha","Amroha","154","NA","NA","NA","amrohakvk@gmail.com","244235","ICAR-ATARI  Zone-III Kanpur","Sardar Vallabhbhai Patel University of Agricultur , Modipuram, Dist.Meerut, Uttar Pradesh ","29.506666","78.780833"
"K0707","Hardoi-II","Krishi Vigyan Kendra Hardoi- II, Barahi (Rajkiya Usar Sudhar Farm, Jaitpur)PO. Dhikunni, Block: Sandila, Distt. Hardoi","Uttar Pradesh","=""9""","Hardoi","Hardoi","150","NA","NA","NA","Kvkhardoi2@gmail.com","241203","ICAR-ATARI  Zone-III Kanpur","Central Arid Zone Reserch Insttitute(ICAR) , Jodhpur-(Rajasthan)","27.116111","80.646111"
"K0708","Bahraich-II","Krishi Vigyan Kendra Nanpara PO Nanpara, District Bahraich","Uttar Pradesh","=""9""","Bahraich","Bahraich","125","NA","NA","NA","kvkbahraich2@gmail.com","271865","ICAR-ATARI  Zone-III Kanpur","Narendra Deva University of Agriculture & Technol , Kumarganj, Dist.Faizabad","27.872142","81.486738"
"K0709","Sultanpur-II","Krishi Vigyan Kendra, Barasin, Sultanpur Village Barasin, PO-Kurwar,Distt. Sultanpur, Uttar Pradesh","Uttar Pradesh","=""9""","Sultanpur","Sultanpur","185","NA","NA","NA","kvksultanpur2@gmail.com","228155","ICAR-ATARI  Zone-III Kanpur","Narendra Deva University of Agriculture & Technol , Kumarganj, Dist.Faizabad","26.068888","81.163055"
"K0710","Kasganj","Krishi Vigyan Kendra, Mohanpura, Distt.- Kasganj","Uttar Pradesh","=""9""","Kasganj","Kasganj","633","NA","NA","NA","kvkkasganj@gmail.com","207401","ICAR-ATARI  Zone-III Kanpur","C.S. Azad University of Agriculture & Technology , Dist. Kanpur ","27.75748","78.517912"
"K0711","Muzaffarnagar-II","Chitoda Jhal, Post- Jansath, Muzaffarnagar","Uttar Pradesh","=""9""","Muzaffarnagar","Muzaffarnagar","172","muzaffarnagar2.kvk4.in","NA","NA","kvkmuzaffarnagar02@gmail.com","251314","ICAR-ATARI  Zone-III Kanpur","Sardar Vallabhbhai Patel University of Agricultur , Modipuram, Dist.Meerut, Uttar Pradesh ","29.4713","77.6967"
"K0712","Moradabad-II","Krishi Vigyan Kendra, Malpura Lakshmipur,PO-Thakurdwara Distt. Moradabad, Uttar Pradesh","Uttar Pradesh","=""9""","Moradabad","Moradabad","171","NA","NA","NA","moradabadkvk2@gmail.com","244001","ICAR-ATARI  Zone-III Kanpur","Sardar Vallabhbhai Patel University of Agricultur , Modipuram, Dist.Meerut, Uttar Pradesh ","29.19114","78.86071"
"K0713","Dima Hasao","krishi vigyan kendra, dima hasao, near govt, boy's school, gdain razi, haflong, dima hasao, assam","Assam","=""18""","Dima Hasao","Dima Hasao","299","https://kvkdimahasao.org/","3673236097","NA","kvkksn@gmail.com","788819","ICAR-ATARI  Zone-VI Guwahati","Keshav Smarak Nyas , Halflong, KVK Dima Hasao, Namsong Bhavan, Opp. C.I.Hall, Main Road, Halglong, Distt. Dima Hasao, Assam, Pin-788819","25.588333","93.037777"
"K0714","Longding","KVK Longding, Opp. Army Camp, P.O. Kanubari, Longding District, Arunachal Pradesh","Arunachal Pradesh","=""12""","Longding","Longding","666","NA","NA","NA","kvklongding.icar@gmail.com","792131","ICAR-ATARI  Zone-VI Guwahati","ICAR Research Complex for NEH Region , Umroi Road, Umiam, Barapani","27.457777","95.515833"
"K0715","Kurung Kumey ","KVK Kurung Kumey Bre, Chomi village Kurung Kumey District Camp: Koloriang, Arunachal Pradesh","Arunachal Pradesh","=""12""","Kurung Kumey","Kurung Kumey","233","NA","3602203220","3602203397","kvkkurungkumey2018@gmail.com","791118","ICAR-ATARI  Zone-VI Guwahati","State Horti. Resh. and Development Institute,Directorate of Horticulture, Govt. of Arunachal Pradesh , Arunachal PradeshChimpu-791113, Itanagar","28.257777","94.207777"
"K0716","Dibang Valley","State Horticulture Research & Development Institute, Government of Arunachal Pradesh, Chimpu, Itanagar, Arunachal Pradesh","Arunachal Pradesh","=""12""","Dibang Valley ","Dibang Valley","230","NA","3602203220","3602203397","basaregam@yahoo.com","792101","ICAR-ATARI  Zone-VI Guwahati","State Horti. Resh. and Development Institute,Directorate of Horticulture, Govt. of Arunachal Pradesh , Arunachal PradeshChimpu-791113, Itanagar","28.2025","96.250555"
"K0717","Jaunpur-II","Village & Post- Amihit, Tehsil- Kerakat, District- Jaunpur","Uttar Pradesh","=""9""","Jaunpur","Jaunpur","152","https://jaunpur2.kvk4.in","NA","NA","Kvkjnp2@gmail.com","222142","ICAR-ATARI  Zone-III Kanpur","Narendra Deva University of Agriculture & Technol , Kumarganj, Dist.Faizabad","27.70905","82.23156"
"K0718","Uakoti","KVK Unakoti, Kailasahar, Unakoti, Tripura","Tripura","=""16""","Unakoti","Unakoti","655","NA","NA","NA","kvkunakoti17@gmail.com","799279","ICAR-ATARI  Zone-VII Barapani","State Department of Agriculture,Govt. of  Tripura , Agartala","24.279722","91.988888"
"K0719","Sagar II","Post & Village- Bijora, Deori, pincode 470226 District Sagar Madhya Pradesh","Madhya Pradesh","=""23""","Sagar","Sagar","425","http://balod.kvkcg.in","NA","NA","kvkbijora@jnkvv.org","470226","ICAR-ATARI  Zone-IX Jabalpur","Jawaharlal Nehru Krishi VishwaVidyalaya, , Jabalpur","23.388262","79.017783"
"K0720","Kargil 2 (Zanskar)","Padum Zanaskar Kargil Ladakh","Ladakh","=""37""","Kargil","Kargil","6","NA","NA","NA","kvkkargil2@gmail.com","194302","ICAR-ATARI  Zone-I Ludhiana","SKUAST , Shrinagar","33.760833","77.026111"
"K0721","Gonda 2","Krishi Vigyan Kendra,Vill-Mahewa Naankaar,PO- Karohamaan,Mankapur,Distt- Gonda, Uttar Pradesh- 271302","Uttar Pradesh","=""9""","Gonda","Gonda","147","https://gonda2.kvk4.in","NA","NA","kvkmankapurgonda@gmail.com","271302","ICAR-ATARI  Zone-III Kanpur","Narendra Deva University of Agriculture & Technol , Kumarganj, Dist.Faizabad","27.12062","82.19142"
"K0722","Azamgarh 2","Krishi Vigyan Kendra, Ledaura Near Parag Dairy PO-Gahaji Block- Ahiraula  Tehsil- Budanpur  Distt. Azamgarh, Uttar Pradesh-223221","Uttar Pradesh","=""9""","Azamgarh","Azamgarh","123","azamgarh2.kvk4.in","8299018806","NA","kvkazamgarh2@gmail.com","223221","ICAR-ATARI  Zone-III Kanpur","Narendra Deva University of Agriculture & Technol , Kumarganj, Dist.Faizabad","26.184027","82.955076"
"K0723","Prayagraj 2","Krishi Vigyan Kendra,Village- Chhata, Post Office-Chhata District- Prayagraj, Uttar Pradesh- 212507","Uttar Pradesh","=""9""","Allahabad ","Prayagraj","120","NA","NA","NA","kvkprayagraj2@gmail.com","212507","ICAR-ATARI  Zone-III Kanpur","Banda University of Agriculture & Technology,Banda,U.P , Banda,U.P","25.68745","81.973575"
"K0724","Sambhal","Krishi Vigyan Kendra,PalthaMithanpur,Chandaushi Distt. Sambhal,Uttar Pradesh-244412","Uttar Pradesh","=""9""","Sambhal","Sambhal","659","Sambhal.kvk4.in","NA","NA","sambhalkvk@gmail.com","244412","ICAR-ATARI  Zone-III Kanpur","Sardar Vallabhbhai Patel University of Agricultur , Modipuram, Dist.Meerut, Uttar Pradesh ","28.45944","78.7774"
"K0725","Shamli","Krishi Vigyan Kendra, Village- Jalalpur, Post Banat, Distt. Shamli (U.P.)-247776","Uttar Pradesh","=""9""","Shamali","Shamli","660","NA","NA","NA","kvkshamli@gmail.com","247776","ICAR-ATARI  Zone-III Kanpur","Sardar Vallabhbhai Patel University of Agricultur , Modipuram, Dist.Meerut, Uttar Pradesh ","29.48","77.37"
"K0726","Budaun 2","Krishi Vigyan Kendra, Dataganj Budaun-II Distt. Budaun (U.P.)","Uttar Pradesh","=""9""","Budaun","Budaun","133","NA","NA","NA","kvkbadaun2@gmail.com","243635","ICAR-ATARI  Zone-III Kanpur","Sardar Vallabhbhai Patel University of Agricultur , Modipuram, Dist.Meerut, Uttar Pradesh ","28.027156","79.404206"
"K0727","Nagpur 2","KVK Dudhburdi, Nagpur II, At Post Sonoli, Taluka Kalmeshwar,Dist Nagpur","Maharashtra","=""27""","Nagpur","Nagpur","484","NA","NA","NA","kvknagpur2@gmail.com","441502","ICAR-ATARI  Zone-VIII Pune","Maharashtra Animal Science & Fishery University , Near HanumanMandirTelankhadi, Futala Road, Nagpur","21.367748","78.892485"
"K0728","Sangli 2","KVK Sangli-II, At Post Tadsar, Taluka Kadegaon, Dist Sangli","Maharashtra","=""27""","Sangli","Sangli","493","NA","NA","NA","kvksangli2@gmail.com","415304","ICAR-ATARI  Zone-VIII Pune","Maharashtra Animal Science & Fishery University , Near HanumanMandirTelankhadi, Futala Road, Nagpur","17.283558","74.342695"
"K0729","Bandipora II (Gurez)","Krishi Vigyan Kendra,Near Tourist Reception Centre,Mastan Dawar-Gurez","Jammu and Kashmir","=""1""","Bandipore","Bandipora","623","NA","NA","NA","dr.bilal738@gmail.com","193503","ICAR-ATARI  Zone-I Ludhiana","SKUAST , Shrinagar","35.063333","74.82"
"K0730","Kishtawar","Krishi Vigyan Kendra, Kishtwar Village Dadpeth,Tehsil Mughal Maidan District Kishtwar","Jammu and Kashmir","=""1""","Kishtwar","Kishtwar","620","www.kvkkishtwar.org","NA","NA","kvkkishtwar@gmail.com","182204","ICAR-ATARI  Zone-I Ludhiana","SKUAST , Jammu ","33.392721","75.688988"
"K0731","Ramban","Village Dhalwas, Distt. Ramban, Jammu & Kashmir","Jammu and Kashmir","=""1""","Ramban","Ramban","621","NA","NA","NA","kvkrambanskuastj@gmail.com","182143","ICAR-ATARI  Zone-I Ludhiana","SKUAST , Jammu ","33.162259","75.303413"
"K0732","Sikar 2","Krishi Vigyan Kendra,  Arnia- Sri Madhopur, Sikar-II","Rajasthan","=""8""","Sikar","Sikar","114","NA","NA","NA","pc.kvk.arnia@sknau.ac.in","332603","ICAR-ATARI  Zone-II Jodhpur","Shri Karan Narendra Agriculture University , Jobner, Jaipur, Rajasthan","27.4061","75.594"
"K0733","Pali 2","KVK, Pali-II, Village - Raipur, Dist. Pali","Rajasthan","=""8""","Pali ","Pali","111","NA","NA","NA","kvkpali2@gmail.com","306304","ICAR-ATARI  Zone-II Jodhpur","Agriculture University , Mandore, Jodhpur","26.0412","74.0197"
"K0734","Jalore 2"," Near Badgoan, Raniwara-Mandar Road, Bamanwara","Rajasthan","=""8""","Jalor","Jalore","104","NA","NA","NA","kvkbamanwara@gmail.com","343040","ICAR-ATARI  Zone-II Jodhpur","Swami Keshwanand Rajasthan Agricultural University , Bikaner ","24.6263","72.3119"
"K0735","Thane 2","Krishi Vigyan Kendra, At- Nagaon, Po- Majgaon, Tal- Murbad, Dist- Thane ","Maharashtra","=""27""","Thane","Thane","497","NA","NA","NA","kvkthane@mafsu.in","421401","ICAR-ATARI  Zone-VIII Pune","Maharashtra Animal Science & Fishery University , Near HanumanMandirTelankhadi, Futala Road, Nagpur","19.287026","73.5154"
"K0736","Paltikheda(Raebareilly II)","Krishi Vigyan Kendra Paltikheda, P.O.- Sareni,District-Raebareli (U.P.)","Uttar Pradesh","=""9""","Rae Bareli","Rae Bareli","175","NA","NA","NA","kvkraebareli2@gmail.com","229212","ICAR-ATARI  Zone-III Kanpur","C.S. Azad University of Agriculture & Technology , Dist. Kanpur ","26.1578506","80.8336209"